sol,target,Easting,Northing,Easting,Latitude,Longitude,Easting Offset from Ronan,Northing Offset from Ronan,start_time,gnorm,sh_tavg,lifetime,Fe_FWHM,Na2O,Na2O_err,MgO,MgO_err,Al2O3,Al2O3_err,SiO2,SiO2_err,P2O5,P2O5_err,SO3,SO3_err,Cl,Cl_err,K2O,K2O_err,CaO,CaO_err,TiO2,TiO2_err,Cr2O3,Cr2O3_err,MnO,MnO_err,FeO,FeO_err,Ni,Ni_err,Zn,Zn_err,Br,Br_err,source_edrs,planning_target,
129,Flaherty,-272023.4539,8147271.959,-272023.4539,137.44915606111,-4.58950872973672,4704.458,4690.5607,00129M17:10:42,107.8,-23,6:01:01,149.6,2.59,0.14,8.67,0.25,8.2,0.19,41.36,0.43,0.93,0.07,6.42,0.08,1.18,0.02,0.42,0.02,6.63,0.07,0.95,0.03,0.49,0.01,0.36,0.02,21.6,0.26,441,24,795,24,324,10,APA_408992063ESC01300051576_______M2.DAT,,
161,Yukon,-272044.9392,8147260.576,-272044.9392,137.449147341095,-4.5895283472401,4693.075,4669.0754,00161M21:13:22,83.8,-31,2:01:01,144.1,2.95,0.14,7.71,0.17,9.94,0.29,43.85,0.54,0.97,0.07,7.02,0.1,1.01,0.02,0.64,0.02,6.94,0.07,1.01,0.03,0.31,0.01,0.36,0.02,17.16,0.2,384,20,489,15,83,5,APA_411817414ESC01610051986_______M6.DAT:APA_411837921ESC01620051986_______M6.DAT,,
154,Persillon,-272046.1023,8147260.059,-272046.1023,137.449153935923,-4.58953038134801,4692.558,4667.9123,00154M19:54:36,83.7,-30,4:02:26,144.6,2.47,0.14,8.14,0.17,7.9,0.19,40.37,0.43,0.99,0.07,9.7,0.1,1.44,0.02,0.53,0.02,7.75,0.08,0.86,0.03,0.36,0.01,0.23,0.02,19.08,0.2,778,40,614,20,102,5,APA_411191263ESC01540051954_______M1.DAT:APA_411205963ESC01540051954_______M2.DAT,,
158,Nastapoka,-272046.2229,8147260.45,-272046.2229,137.448773139453,-4.59049300520553,4692.949,4667.7917,00158M21:04:46,109,-34,4:57:55,143.6,2.64,0.14,8.83,0.25,8.76,0.19,44.59,0.54,1.12,0.07,4,0.05,1.93,0.03,0.61,0.02,5.35,0.06,0.94,0.03,0.43,0.01,0.21,0.02,20.37,0.26,668,35,756,24,197,10,APA_411550498ESC01580051954_______M2.DAT:APA_411568712ESC01590051954_______M4.DAT,,
323,Eqalulik,-272103.2958,8147237.873,-272103.2958,137.436863167787,-4.59749314300538,4670.372,4610.7188,00323M19:00:26,89,-29.1,4:00:00,146,2.98,0.14,8.26,0.17,8.75,0.19,42.03,0.43,0.8,0.05,6.05,0.08,1.15,0.02,0.78,0.02,6.54,0.07,0.85,0.03,0.65,0.01,0.36,0.02,20.63,0.26,275,15,962,30,166,10,APB_426205423ESC03230060804_______M2.DAT,,
360,Matthew,-272518.3262,8146531.744,-272518.3262,137.430406916034,-4.60048835846649,3964.243,4195.6884,00360M22:48:09,76.7,-53.4,4:00:00,156.4,4.84,0.2,4.66,0.17,13.76,0.29,49.41,0.54,0.73,0.05,3.9,0.08,0.65,0.02,1.67,0.06,7.23,0.08,0.76,0.03,0.06,0.01,0.27,0.02,11.96,0.13,68,10,299,10,15,5,APB_429504116ESC03610120000_______M2.DAT,,
373,Maya,-272695.9092,8146148.96,-272695.9092,137.426221730581,-4.60719796460011,3581.459,4018.1054,00373M21:33:34,29.3,-51.6,2:00:00,160.3,3.21,0.14,7.27,0.17,10.88,0.29,45.41,0.54,0.96,0.07,6.89,0.15,0.99,0.03,0.84,0.04,7.2,0.08,1.03,0.03,0.25,0.03,0.31,0.04,14.62,0.2,340,30,383,20,48,10,APB_430653584ESC03740140000_______M4.DAT,,
400,Shackleton,-273093.7143,8145900.825,-273093.7143,137.42622183178,-4.6072008319164,3333.324,3620.3003,00400M20:58:57,82.3,-51.3,7:20:15,146.1,3.15,0.14,7.21,0.17,10.95,0.29,44.99,0.54,0.99,0.07,7.35,0.08,1.18,0.02,0.73,0.02,7.07,0.08,0.87,0.03,0.19,0.01,0.27,0.02,14.86,0.2,214,15,688,24,143,5,APB_433048360ESC04010160148_______M2.DAT:APB_433064323ESC04010160148_______M1.DAT,,
399,Glossopteris_Gully,-273093.8843,8145900.831,-273093.8843,137.414943681691,-4.62231148924191,3333.33,3620.1303,00399M22:21:47,57.8,-55.9,4:00:00,152.5,3.89,0.14,5.64,0.17,13.64,0.29,47.53,0.54,0.88,0.05,6.62,0.1,1.34,0.03,0.85,0.04,6.53,0.07,0.71,0.03,0.09,0.01,0.17,0.02,11.93,0.13,102,10,621,20,114,5,APB_432964693ESC04000160148_______M2.DAT,,
442,Rensselaer,-273989.7784,8145232.162,-273989.7784,137.40718234563,-4.62649896517543,2664.661,2724.2362,00442M22:49:10,112.9,-59.5,2:30:00,149.9,2.45,0.14,8.37,0.25,8.34,0.19,43.07,0.54,0.77,0.05,5.74,0.08,1.24,0.02,2.52,0.08,5.72,0.07,0.86,0.03,0.48,0.01,0.41,0.02,19.81,0.26,282,15,1208,40,109,5,APB_436781880ESC04430220000_______M2.DAT,,
531,Argyle,-274238.0492,8144772.001,-274238.0492,137.402135852096,-4.6363573079442,2204.5,2475.9654,00532M03:13:17,85.1,-76.5,4:00:00,142.8,2.64,0.14,8.72,0.25,9.2,0.19,43.66,0.54,0.95,0.07,6.18,0.08,0.79,0.02,0.47,0.02,7.07,0.08,1.07,0.03,0.48,0.01,0.41,0.02,18.23,0.2,452,24,308,10,43,5,APB_444700888ESC05320260184_______M1.DAT:APB_444686068ESC05320260184_______M2.DAT,,
584,Pandanus_Yard,-274822.5394,8144472.8,-274822.5394,137.402128633206,-4.63637492844612,1905.299,1891.4752,00585M00:04:11,83.8,-62.5,7:00:00,150.6,2.39,0.14,8.26,0.17,8.14,0.19,40.65,0.43,0.9,0.05,8.36,0.1,1.15,0.02,1.94,0.06,5.85,0.07,0.9,0.03,0.37,0.01,0.37,0.02,20.37,0.26,423,24,1467,44,807,24,APB_449405494ESC05850300786_______M1.DAT:APB_449390674ESC05850300786_______M1.DAT,,
585,Virgin_Hills,-274823.5841,8144472.372,-274823.5841,137.402188948047,-4.63816623201075,1904.871,1890.4305,00585M23:04:45,90.8,-66,7:30:00,148,2.42,0.14,8.37,0.25,7.9,0.19,39.87,0.43,0.9,0.05,7.17,0.08,1.11,0.02,1.23,0.05,6.37,0.07,0.91,0.03,0.62,0.01,0.42,0.02,22.43,0.26,339,20,1342,44,619,20,APB_449479384ESC05860300786_______M1.DAT:APB_449494205ESC05860300786_______M1.DAT,,
601,Liga,-274929.7885,8144475.948,-274929.7885,137.402189976908,-4.63869802135611,1908.447,1784.2261,00601M20:01:41,90.2,-47.8,6:18:41,146.3,1.95,0.07,10.6,0.25,7.95,0.19,43.13,0.54,0.71,0.05,7.28,0.08,1.86,0.02,2.38,0.07,5.5,0.06,0.96,0.03,0.55,0.01,0.2,0.02,16.61,0.2,315,20,936,30,568,20,APB_450893137ESC06020310724_______M1.DAT:APB_450907956ESC06020310724_______M1.DAT,,
605,Lagrange,-274961.3177,8144476.009,-274961.3177,137.401934364094,-4.63874953353655,1908.508,1752.6969,00605M21:53:07,91.2,-68.1,7:30:00,147.8,2.68,0.14,8.82,0.25,8.76,0.19,42.29,0.43,0.89,0.05,5.82,0.08,0.76,0.02,0.45,0.02,6.99,0.07,1.05,0.03,0.52,0.01,0.44,0.02,20.4,0.26,557,30,283,10,23,5,APB_451263477ESC06060311094_______M1.DAT:APB_451248656ESC06060311094_______M1.DAT,,
627,Stephen,-274964.3718,8144460.854,-274964.3718,137.377513701134,-4.66251517158442,1893.353,1749.6428,00627M19:27:23,84.1,-46.6,6:30:00,146.8,1.01,0.07,18.3,0.42,4.05,0.1,33.38,0.43,0.7,0.05,4.35,0.05,3.36,0.04,2.49,0.08,4.25,0.06,0.91,0.03,0.34,0.01,4.05,0.06,21.58,0.26,1101,60,8155,244,1888,60,APB_453194510ESC06270311330_______M1.DAT:APB_453209330ESC06280311330_______M1.DAT,,
801,Kelso,-276373.4101,8143012.98,-276373.4101,137.377515235991,-4.66252309043735,445.479,340.6045,00801M21:58:23,84.8,-38.7,1:30:00,145.5,2.67,0.14,8.91,0.25,9.06,0.19,42.89,0.54,0.85,0.05,4.62,0.08,0.62,0.02,0.44,0.02,7.01,0.08,1.05,0.03,0.47,0.01,0.44,0.02,20.77,0.26,557,30,287,15,49,5,APB_468650567ESC08020441140_______M1.DAT,,
802,Dumont,-276373.8796,8143013.071,-276373.8796,137.377439606307,-4.6626623543028,445.57,340.135,00802M21:52:53,70.5,-41.3,8:00:00,145.1,2.71,0.14,8.81,0.25,9.04,0.19,43.43,0.54,0.92,0.05,5.21,0.08,0.7,0.02,0.47,0.02,6.97,0.07,0.99,0.03,0.39,0.01,0.42,0.02,19.78,0.26,542,30,276,10,43,5,APB_468739003ESC08030441140_______M1.DAT:APB_468753823ESC08030441140_______M3.DAT,,
755,Maturango,-276382.1364,8143008.587,-276382.1364,137.377446757732,-4.66280452933762,441.086,331.8782,00755M20:10:54,108.2,-36.7,3:30:00,146.9,2.92,0.14,4.5,0.17,10.43,0.29,51.88,0.54,1.08,0.07,5.17,0.08,0.37,0.01,0.86,0.04,3.77,0.04,1.07,0.03,0.34,0.01,0.31,0.02,16.93,0.2,1155,60,1731,54,57,5,APB_464560318ESC07560421020_______M1.DAT,,
888,Mojave2_presieve_dump,-276390.5658,8143009.011,-276390.5658,137.377756056826,-4.66334951508453,441.51,323.4488,00888M23:51:45,70.5,-42.9,3:30:00,146,3,0.14,4.69,0.17,11.49,0.29,49.92,0.54,1.28,0.07,6.19,0.08,0.46,0.02,0.73,0.02,4.45,0.06,1.1,0.03,0.36,0.01,0.38,0.02,15.48,0.2,898,44,1972,60,57,5,APB_476380933ESC08890450000_______M1.DAT,,
833,Tropico,-276422.8774,8143027.349,-276422.8774,137.377752312448,-4.66335175327789,459.848,291.1372,00833M22:39:35,82.5,-40.9,4:00:00,146.6,2.58,0.14,7.25,0.17,9.64,0.29,48.35,0.54,0.95,0.07,6.48,0.08,1.26,0.02,0.7,0.02,5.04,0.06,1.03,0.03,0.39,0.01,0.27,0.02,15.76,0.2,816,44,1208,40,491,15,APB_471493890ESC08340442062_______M1.DAT:APB_471479069ESC08330442062_______M1.DAT,,
828,Pickhandle_DRT,-276423.0101,8143027.127,-276423.0101,137.377394387043,-4.66348529263071,459.626,291.0045,00828M18:24:45,89.7,-34.3,8:00:00,150.4,2.77,0.14,5.22,0.17,11.32,0.29,52.77,0.54,1.03,0.07,3.41,0.05,0.87,0.02,0.76,0.02,4.08,0.04,1.11,0.03,0.37,0.01,0.27,0.02,15.67,0.2,732,40,1162,35,949,30,APB_471034304ESC08280442062_______M1.DAT:APB_471049125ESC08290442062_______M1.DAT,,
922,Telegraph_Peak_DT,-276430.9275,8143005.906,-276430.9275,137.377490560204,-4.66352265376194,438.405,283.0871,00922M19:13:20,74.5,-33.9,5:34:13,151.3,3.56,0.14,3.04,0.08,11.06,0.29,51.87,0.54,1.27,0.07,1.85,0.05,0.34,0.01,0.97,0.04,4.03,0.04,1.28,0.05,0.4,0.01,0.25,0.02,19.85,0.26,423,24,1212,40,93,5,APB_479382097ESC09220450450_______M1.DAT:APB_479397097ESC09230450450_______M1.DAT,,
842,San_Andreas,-276433.1426,8143011.608,-276433.1426,137.377490391539,-4.6635240014006,444.107,280.872,00842M19:32:00,96.2,-38.6,8:00:00,148.2,2.42,0.14,6.04,0.17,8.78,0.19,39.78,0.43,0.89,0.05,9.08,0.1,1.45,0.02,0.24,0.01,12.7,0.14,0.84,0.03,0.13,0.01,0.4,0.02,17.05,0.2,509,30,861,30,322,10,APB_472281295ESC08420442414_______M1.DAT:APB_472296115ESC08430442414_______M1.DAT,,
853,Tecoya_DRT,-276433.2225,8143011.598,-276433.2225,137.377317981497,-4.66372261871322,444.097,280.7921,00853M18:26:33,94.5,-26.1,4:00:00,156.2,3.02,0.14,6.66,0.17,9.52,0.29,42.84,0.54,1.06,0.07,4.58,0.08,2.01,0.03,0.46,0.02,8.75,0.1,1.04,0.03,0.17,0.01,0.42,0.02,19.17,0.2,494,24,925,30,653,20,APB_473253778ESC08530442414_______M1.DAT:APB_473268599ESC08540442414_______M1.DAT,,
930,Coalville,-276444.9983,8143001.376,-276444.9983,137.377317644166,-4.66372266256629,433.875,269.0163,00930M19:32:36,48.6,-34.2,4:30:00,151.1,1.5,0.07,5.65,0.17,5.29,0.19,30.93,0.32,0.88,0.05,12.18,0.12,1.66,0.03,0.09,0.01,25.26,0.27,0.52,0.02,0.19,0.01,0.9,0.02,14.61,0.2,559,30,1938,60,188,10,APB_480093481ESC09300450852_______M1.DAT:APB_480108301ESC09310450852_______M1.DAT,,
935,Indianola,-276445.0009,8143001.356,-276445.0009,137.377293828574,-4.66372798059468,433.855,269.0137,00936M04:16:05,61.9,-60.3,4:00:00,155.6,1.33,0.07,3.95,0.08,2.92,0.1,14.41,0.21,0.64,0.05,40.78,0.43,0.72,0.02,0.11,0.01,29.71,0.31,0.18,0.02,0.11,0.01,0.1,0.02,4.91,0.07,142,10,520,20,76,5,APB_480569625ESC09360450852_______M1.DAT:APB_480554805ESC09360450852_______M1.DAT,,
948,Kern_Peak,-276445.3162,8142999.944,-276445.3162,137.377243110809,-4.66385115038247,432.443,268.6984,00948M21:51:07,51.9,-41.4,7:30:00,146.3,1.9,0.07,4.86,0.17,4.64,0.1,47.59,0.54,2.72,0.14,7.72,0.1,1.43,0.02,1.17,0.04,2.87,0.04,0.59,0.03,0.63,0.01,0.16,0.02,23.42,0.26,309,20,430,15,478,15,APB_481703738ESC09490451108_______M1.DAT:APB_481713279ESC09490451108_______M2.DAT,,
942,Little_Devil,-276452.6188,8142996.937,-276452.6188,137.375358744277,-4.66529631489812,429.436,261.3958,00942M19:36:33,76.5,-30.8,5:06:11,152.6,4.03,0.14,3.95,0.08,11.21,0.29,49.78,0.54,0.76,0.05,2.29,0.05,0.7,0.02,2.83,0.1,5.71,0.07,0.99,0.03,0.28,0.01,0.29,0.02,16.99,0.2,628,35,608,20,76,5,APB_481172338ESC09430450996_______M1.DAT:APB_481157517ESC09420450996_______M1.DAT,,
954,Telegraph_Peak_postsieve_dump,-276538.301,8142885.215,-276538.301,137.370127781107,-4.66726465500366,317.714,175.7136,00954M19:32:36,65.1,-34.3,6:30:00,151.7,3.34,0.14,2.93,0.08,10.74,0.29,52.7,0.54,1.33,0.07,2.54,0.05,0.3,0.01,0.98,0.04,4.37,0.06,1.23,0.05,0.36,0.01,0.25,0.02,18.68,0.2,515,30,1231,40,38,5,APB_482238887ESC09550460000_______M1.DAT:APB_482224066ESC09540460000_______M1.DAT,,
974,Bigfork,-276655.0017,8142575.077,-276655.0017,137.370122501872,-4.6672715348761,7.576,59.0129,00974M19:46:53,35.2,-38.4,7:00:00,148.2,2.89,0.14,8.13,0.17,10.32,0.29,44.07,0.54,0.98,0.07,4.87,0.08,1.2,0.02,0.6,0.02,6.08,0.07,0.95,0.03,0.32,0.01,0.5,0.02,18.95,0.2,403,24,640,20,156,5,APB_483998636ESC09740470598_______M3.DAT:APB_484013456ESC09750470598_______M3.DAT,,
975,Albert,-276655.4096,8142574.764,-276655.4096,137.370180252995,-4.66778500207037,7.263,58.605,00975M20:36:02,78,-35.9,4:00:00,148.8,2.5,0.14,7.71,0.17,8.84,0.19,38.69,0.43,0.9,0.05,6.62,0.08,1.71,0.03,0.49,0.02,5.09,0.06,0.95,0.03,0.26,0.01,0.5,0.02,25.58,0.26,471,24,842,30,188,10,APB_484092240ESC09760470598_______M1.DAT,,
1041,Lamoose,-276685.8525,8142578.188,-276685.8525,137.370281435527,-4.66792018760007,10.687,28.1621,01041M19:17:36,71.8,-36.3,8:00:00,150.7,2.12,0.07,3.26,0.08,5.01,0.19,72.56,0.75,1.41,0.09,6.62,0.08,0.58,0.01,1.3,0.05,2.71,0.03,1.48,0.05,0.03,0.01,0.04,0.02,2.68,0.07,120,10,27,5,105,5,APB_489946516ESC10410481970_______M1.DAT:APB_489961336ESC10420481970_______M2.DAT,,
1064,Buckskin_Full_Drill_Tailings_APXS,-276693.8675,8142584.187,-276693.8675,137.37028211019,-4.66792050637818,16.686,20.1471,01064M23:17:29,63.6,-64.4,5:00:00,152.4,1.87,0.07,1.93,0.08,4.75,0.19,72.5,0.75,1.29,0.07,7.55,0.1,0.34,0.01,1,0.04,2.42,0.03,1.65,0.05,0.05,0.01,0.06,0.02,4.42,0.07,99,10,208,10,54,5,APB_492017937ESC10650482542_______M1.DAT:APB_492003117ESC10650482542_______M1.DAT,,
1059,Buckskin_mini_start_hole,-276693.8864,8142584.227,-276693.8864,137.370279900669,-4.66792464712023,16.726,20.1282,01059M19:41:01,37.5,-39.1,4:30:00,148.3,1.97,0.07,0.46,0.83,5.36,0.19,71.47,0.75,1.37,0.07,7.68,0.1,0.29,0.02,0.8,0.02,4.81,0.06,1.7,0.07,0.06,0.01,0.07,0.02,3.77,0.07,87,10,211,10,38,5,APB_491545899ESC10590482542_______M1.DAT:APB_491560719ESC10600482542_______M1.DAT,,
1061,Pellew,-276694.1319,8142584.096,-276694.1319,137.370279833203,-4.66792488831213,16.595,19.8827,01061M22:38:46,79,-60.4,5:00:00,158.3,2.67,0.14,7.38,0.17,7.97,0.19,55.4,0.64,1.17,0.07,8.75,0.1,1.2,0.02,0.81,0.04,5.65,0.07,1.44,0.05,0.14,0.01,0.16,0.02,7,0.13,164,10,156,5,195,10,APB_491734407ESC10620482542_______M1.DAT:APB_491749230ESC10620482542_______M1.DAT,,
1065,Buckskin_presieve_dump,-276694.1462,8142584.092,-276694.1462,137.370024861319,-4.66822790629745,16.591,19.8684,01065M20:04:36,63.9,-42.6,7:30:00,147,2.01,0.07,0.72,0.83,5.45,0.19,74.43,0.75,1.29,0.07,4.85,0.05,0.28,0.01,0.99,0.04,2.99,0.04,1.66,0.05,0.08,0.01,0.08,0.02,4.94,0.07,120,10,294,10,60,5,APB_492094820ESC10660482542_______M2.DAT:APB_492079999ESC10660482542_______M1.DAT,,
1032,Lumpry,-276712.1118,8142568.975,-276712.1118,137.37,-4.66826,1.474,1.9028,01032M20:12:55,52.4,-42.6,7:00:00,148,2.46,0.14,4.14,0.08,6.88,0.19,58.78,0.64,1.65,0.09,9.18,0.1,0.94,0.02,0.44,0.02,5.95,0.07,1.13,0.05,0.45,0.01,0.09,0.02,7.71,0.13,121,10,209,10,601,20,APB_489165776ESC10330481600_______M1.DAT:APB_489150956ESC10330481600_______M1.DAT,,
998,Ronan_DRT_2,-276714.0146,8142567.501,-276714.0146,137.37,-4.66826,0,0,00998M19:08:12,70.1,-34.7,7:55:28,150.3,2.69,0.14,8.41,0.25,10.44,0.29,44.72,0.54,0.94,0.07,6.46,0.08,1.22,0.02,0.44,0.02,6.63,0.07,1.05,0.03,0.7,0.01,0.35,0.02,15.84,0.2,395,20,432,15,76,5,APB_486128635ESC09980481570_______M1.DAT:APB_486143112ESC09990481570_______M1.DAT,,
1082,Ravalli,-276853.2909,8142513.172,-276853.2909,137.36938258247,-4.67143238862121,-54.329,-139.2763,01082M19:42:35,105.5,-52.5,7:30:00,150.5,3.43,0.14,7.8,0.17,10.44,0.29,45.65,0.54,0.78,0.05,2.62,0.05,0.52,0.01,1.36,0.05,7.08,0.08,0.85,0.03,0.5,0.01,0.41,0.02,18.47,0.2,351,20,546,20,24,5,APB_493587808ESC10820491216_______M1.DAT:APB_493602628ESC10830491216_______M2.DAT,,
1092,Ivanhoe,-276902.102,8142530.895,-276902.102,137.369825447904,-4.67161420346038,-36.606,-188.0874,01092M22:23:49,82.7,-61.2,7:00:00,155.3,2.2,0.07,4.17,0.17,4.11,0.1,62.07,0.64,2.28,0.12,11.04,0.12,0.98,0.02,0.42,0.02,5.23,0.06,1.48,0.05,0.1,0.01,0.04,0.02,5.65,0.07,48,24,32,24,546,20,APB_494485491ESC10930491876_______M1.DAT:APB_494500311ESC10930491876_______M2.DAT,,
1097,Conniption,-276912.8816,8142557.152,-276912.8816,137.368801107594,-4.6727441706431,-10.349,-198.867,01097M20:03:36,98.1,-43.9,6:30:00,147.5,2.78,0.14,8.17,0.17,11.32,0.29,43.39,0.54,0.88,0.05,5.66,0.08,1.56,0.02,0.48,0.02,5.98,0.07,0.96,0.03,0.48,0.01,0.35,0.02,17.83,0.2,502,30,478,15,126,5,APB_494920720ESC10970492236_______M1.DAT:APB_494935540ESC10980492236_______M1.DAT,,
1109,Cody,-276979.8761,8142496.42,-276979.8761,137.369263959909,-4.67279112885062,-71.081,-265.8615,01110M01:37:12,81.9,-61.7,4:00:00,154.3,1.75,0.07,3.56,0.08,3.45,0.1,66.83,0.75,1.93,0.12,9.55,0.1,0.81,0.02,0.84,0.04,3.4,0.04,1.31,0.05,0.2,0.01,0.07,0.02,6.08,0.07,78,10,403,15,627,20,APB_495991759ESC11100500322_______M1.DAT:APB_496006579ESC11100500322_______M1.DAT,,
1102,Badlands,-276982.6602,8142523.862,-276982.6602,137.36908490444,-4.67289330988318,-43.639,-268.6456,01102M20:49:07,90.4,-57.8,7:31:12,162.2,3.25,0.14,8.42,0.25,8.86,0.19,43.57,0.54,0.74,0.05,5.08,0.08,1.52,0.02,0.93,0.04,5.86,0.07,0.89,0.03,0.39,0.01,0.53,0.02,19.87,0.26,485,24,449,15,276,10,APB_495365598ESC11030492902_______M1.DAT:APB_495380418ESC11030492902_______M1.DAT,,
1105,Winnipeg,-276988.7184,8142513.246,-276988.7184,137.368566982785,-4.67309025234576,-54.255,-274.7038,01105M20:16:25,93.9,-41.8,4:00:00,146.9,2.6,0.14,6.38,0.17,8.93,0.19,47.14,0.54,1.21,0.07,5.99,0.08,0.68,0.02,0.79,0.02,5.65,0.07,1.06,0.03,0.32,0.01,0.41,0.02,18.51,0.2,662,35,1420,44,189,10,APB_495631705ESC11060500000_______M1.DAT:APB_495646525ESC11060500000_______M1.DAT,,
1124,Big_Sky_presieve_dump,-277000.3949,8142482.539,-277000.3949,137.368604662695,-4.67311713090598,-84.962,-286.3803,01124M20:02:33,71.6,-58.2,8:01:12,159.7,2.71,0.14,8.54,0.25,9.57,0.29,43.66,0.54,0.89,0.05,6,0.08,1.36,0.02,0.42,0.02,6.53,0.07,0.92,0.03,0.4,0.01,0.39,0.02,18.51,0.2,427,24,309,10,308,10,APB_497317565ESC11240500592_______M1.DAT:APB_497332385ESC11250500592_______M1.DAT,,
1134,Pilgrim,-277001.9885,8142484.773,-277001.9885,137.368346705428,-4.67327706812187,-82.728,-287.9739,01134M22:27:33,35.2,-60.3,3:00:00,155.3,1.96,0.07,0.99,0.83,1.27,0.96,63.59,0.64,1.84,0.12,13.1,0.17,0.82,0.03,0.23,0.01,6.58,0.07,1.14,0.05,0.31,0.01,0.05,0.02,7.96,0.13,100,15,93,10,544,20,APB_498214247ESC11350500676_______M1.DAT,,
1150,Ennis,-277011.471,8142469.479,-277011.471,137.368360789011,-4.67328780537804,-98.022,-297.4564,01151M00:45:51,81.4,-66.6,7:00:00,147.9,2.56,0.14,10.12,0.25,8.79,0.19,44.61,0.54,0.76,0.05,4.9,0.08,1.33,0.02,0.31,0.01,5.51,0.06,0.87,0.03,0.41,0.01,0.43,0.02,19.36,0.26,456,24,324,10,192,10,APB_499639563ESC11510501116_______M1.DAT:APB_499654384ESC11510501116_______M1.DAT,,
1150,Exshaw,-277012.1076,8142470.314,-277012.1076,137.363640865936,-4.67749945784784,-97.187,-298.093,01150M17:51:25,91.5,-36.8,4:00:00,146.3,2.73,0.14,9.54,0.25,8.84,0.19,44.49,0.54,0.78,0.05,3.96,0.05,1.65,0.03,0.29,0.01,6.15,0.07,0.87,0.03,0.43,0.01,0.44,0.02,19.76,0.26,428,24,417,15,240,10,APB_499618036ESC11500501116_______M1.DAT:APB_499610416ESC11500501116_______M1.DAT,,
1266,Waterberg,-277261.8118,8142190.475,-277261.8118,137.358683023076,-4.67807835382649,-377.026,-547.7972,01266M17:12:21,97.5,-30.8,5:11:55,153.3,2.58,0.14,5.94,0.17,9.02,0.19,50.29,0.54,0.83,0.05,4.68,0.05,1.02,0.02,1.08,0.04,4.35,0.06,1,0.03,0.28,0.01,0.26,0.02,18.3,0.2,788,40,966,30,430,15,APB_509906483ESC12660530186_______M1.DAT:APB_509917703ESC12660530186_______M1.DAT,,
1348,Nomeib,-277296.1339,8141896.53,-277296.1339,137.358873396011,-4.67816116192089,-670.971,-582.1193,01348M18:18:31,81.9,-28.2,3:00:00,154,2.95,0.14,7.68,0.17,13.29,0.29,44.68,0.54,0.86,0.05,5.2,0.08,1.94,0.03,0.42,0.02,6.34,0.07,0.86,0.03,0.51,0.01,0.29,0.01,14.8,0.2,412,24,247,10,722,24,APB_517193680ESC13480541490_______M1.DAT:APB_517186960ESC13480541490_______M1.DAT,,
1300,Onesi,-277301.0435,8141907.817,-277301.0435,137.35887290688,-4.67816564842756,-659.684,-587.0289,01313M17:56:17,71.3,-34,3:00:00,149.5,3,0.14,6.1,0.17,8.7,0.19,50.12,0.54,1.01,0.07,5.94,0.1,1.84,0.03,0.57,0.02,5.73,0.07,0.95,0.03,0.38,0.01,0.2,0.01,15.36,0.2,238,15,231,10,100,5,APB_514079145ESC13130540388_______M1.DAT:APB_514089553ESC13130540388_______M1.DAT,,
1300,Uau,-277301.3095,8141907.788,-277301.3095,137.358566947366,-4.67817003710813,-659.713,-587.2949,01313M23:57:31,73.6,-64.5,5:00:00,151.4,2.16,0.07,4.44,0.17,4.21,0.1,66.61,0.75,1.7,0.09,7.84,0.1,1.23,0.02,0.33,0.01,3.85,0.04,1.34,0.05,0.4,0.01,0.07,0.01,5.68,0.07,52,10,89,5,161,5,APB_514125236ESC13140540388_______M1.DAT:APB_514110415ESC13140540388_______M1.DAT,,
1351,Nauaspoort,-277301.5697,8141889.648,-277301.5697,137.358574267456,-4.67817608883216,-677.853,-587.5551,01352M03:52:40,80.1,-63.1,3:30:00,150.9,2.99,0.14,5.33,0.17,7.47,0.19,50.1,0.54,1.85,0.12,7.07,0.1,2.36,0.03,0.51,0.02,5.34,0.06,0.93,0.03,0.35,0.01,0.18,0.01,15.42,0.2,226,15,155,10,228,10,APB_517483521ESC13520541610_______M1.DAT:APB_517498341ESC13520541610_______M1.DAT,,
1351,Groendraai,-277301.9285,8141890.082,-277301.9285,137.35917004518,-4.67821767841159,-677.419,-587.9139,01351M18:41:30,74.4,-29.5,2:00:00,151.6,2.73,0.14,8.85,0.25,8.86,0.19,43.61,0.54,0.87,0.05,5.39,0.1,1.09,0.03,0.42,0.02,6.69,0.07,0.97,0.03,0.4,0.01,0.38,0.01,19.55,0.26,520,30,310,10,156,10,APB_517453562ESC13510541610_______M1.DAT:APB_517457582ESC13510541610_______M1.DAT,,
1318,Cangulo,-277304.3943,8141925.405,-277304.3943,137.359170905375,-4.67821951180736,-642.096,-590.3797,01318M17:46:45,78.1,-24.8,1:19:19,159.3,2.63,0.14,5.22,0.17,5.95,0.19,54.58,0.64,1.18,0.07,11.9,0.15,1.9,0.04,0.47,0.02,7.54,0.08,1.01,0.03,0.41,0.01,0.12,0.01,6.9,0.13,111,15,111,10,355,15,APB_514520450ESC13180540746_______M1.DAT:APB_514522066ESC13180540746_______M1.DAT,,
1324,Lubango_fulldrill_tailings,-277304.503,8141925.456,-277304.503,137.359168662122,-4.67822004141754,-642.045,-590.4884,01325M02:58:21,62.7,-63.7,1:30:00,150.6,1.59,0.14,1.06,0.83,2.12,0.1,63.58,0.64,1.49,0.09,15.07,0.2,0.31,0.02,0.29,0.01,8.58,0.1,1.07,0.03,0.34,0.01,0.06,0.04,4.31,0.07,43,24,77,10,82,5,APB_515081203ESC13250540746_______M1.DAT:APB_515097903ESC13250540746_______M1.DAT,,
1326,Lubango_presieve_apxs,-277304.5344,8141925.323,-277304.5344,137.359353300424,-4.67824663999275,-642.178,-590.5198,01326M19:08:59,62.1,-38.3,4:00:00,145.9,1.92,0.07,1.55,0.83,3.09,0.1,59.75,0.64,1.33,0.07,13.69,0.15,0.32,0.01,0.31,0.01,8.22,0.08,1.11,0.05,0.29,0.01,0.09,0.01,8.22,0.13,110,10,88,5,60,5,APB_515261516ESC13270540746_______M1.DAT:APB_515246696ESC13260540746_______M1.DAT,,
1300,Gudaus,-277306.1114,8141936.27,-277306.1114,137.365056965985,-4.67826851086941,-631.231,-592.0968,01300M16:53:05,74,-21.7,1:56:14,167.7,2.48,0.14,5.4,0.17,5.55,0.19,58.04,0.64,0.99,0.07,11.15,0.15,1.38,0.03,0.47,0.02,6.97,0.07,1.16,0.05,0.43,0.01,0.12,0.01,5.72,0.07,100,15,140,10,476,15,APB_512918765ESC13000532980_______M1.DAT:APB_512923087ESC13000532980_______M1.DAT,,
1259,Groot_Aub,-277307.4081,8142274.434,-277307.4081,137.357677978117,-4.67852441041483,-293.067,-593.3935,01259M17:19:40,92.1,-35.4,2:20:00,145.6,2.5,0.14,6.8,0.17,8.49,0.19,46.74,0.54,0.99,0.07,8.58,0.1,1.18,0.02,0.95,0.04,4.45,0.06,0.94,0.03,0.24,0.01,0.27,0.02,17.53,0.2,913,49,829,24,401,15,APB_509280049ESC12590522678_______M1.DAT:APB_509287369ESC12590522678_______M1.DAT,,
1359,Okoruso_postsieve_dump_apxs,-277322.5801,8141836.942,-277322.5801,137.357678247982,-4.67853209144917,-730.559,-608.5655,01359M19:47:39,71.1,-39.2,8:00:00,146.2,3.08,0.14,8.97,0.25,9.64,0.29,45.1,0.54,0.75,0.05,0.96,0.03,0.5,0.01,0.37,0.01,6.36,0.07,0.94,0.03,0.41,0.01,0.39,0.01,22.39,0.26,494,24,320,10,105,5,APB_518193815ESC13600542280_______M1.DAT:APB_518178635ESC13590542280_______M1.DAT,,
1364,Oudam_tailings_APXS,-277323.0355,8141836.958,-277323.0355,137.362424415434,-4.6785700985699,-730.543,-609.0209,01364M22:21:19,75.7,-54.8,7:57:49,171.5,2.52,0.14,4.84,0.17,9.37,0.19,52.87,0.54,0.5,0.05,3.54,0.05,0.35,0.01,0.85,0.04,4.03,0.04,1.09,0.03,0.34,0.01,0.28,0.01,19.17,0.2,725,40,1168,40,17,5,APB_518631778ESC13650542280_______M1.DAT:APB_518646598ESC13650542280_______M1.DAT,,
1275,Palmwag,-277325.2889,8142118.353,-277325.2889,137.3607928956,-4.67859590104318,-449.148,-611.2743,01275M18:50:59,85.7,-38.1,1:18:13,149.1,1.59,0.07,3.99,0.08,3.57,0.1,14.89,0.21,0.78,0.05,40.32,0.43,0.6,0.02,0.13,0.01,29.39,0.31,0.22,0.02,0.12,0.01,0.1,0.01,4.21,0.07,303,20,242,10,26,5,APB_510708751ESC12750531056_______M1.DAT:APB_510706110ESC12750531056_______M1.DAT,,
1287,Rossing,-277326.8187,8142021.622,-277326.8187,137.367050138736,-4.67888416584288,-545.879,-612.8041,01287M16:42:17,73.1,-24.9,3:00:00,160,2.3,0.14,6.15,0.17,5.96,0.19,31.58,0.32,0.78,0.05,23.2,0.25,1.07,0.02,0.3,0.01,15.89,0.17,0.58,0.03,0.21,0.01,0.27,0.01,11.54,0.13,273,15,192,10,227,10,APB_511772299ESC12870531994_______M1.DAT:APB_511766477ESC12870531994_______M1.DAT,,
1223,Gobabeb_Scuff_APXS,-277343.9096,8142392.607,-277343.9096,137.36703818034,-4.67888453353402,-174.894,-629.895,01223M20:46:44,76.2,-62.4,6:30:00,153.5,2.67,0.14,8.36,0.25,10.01,0.29,48.15,0.54,0.75,0.05,2.82,0.05,0.5,0.01,0.48,0.02,7.2,0.08,0.84,0.03,0.32,0.01,0.37,0.02,17.5,0.2,504,30,189,10,37,5,APB_506121976ESC12240521162_______M1.DAT:APB_506107156ESC12240521162_______M1.DAT,,
1226,Gobabeb_DumpA_APXS,-277343.9314,8142391.898,-277343.9314,137.367009540911,-4.6790204746859,-175.603,-629.9168,01226M21:31:44,79.6,-65.2,7:30:00,148,2.75,0.14,7.57,0.17,9.78,0.29,47.88,0.54,0.79,0.05,3.36,0.05,0.5,0.01,0.49,0.02,7.3,0.08,0.88,0.03,0.39,0.01,0.37,0.02,17.91,0.2,439,24,203,10,24,5,APB_506376253ESC12270521162_______M1.DAT:APB_506391074ESC12270521162_______M1.DAT,,
1245,Kudis,-277351.9912,8142390.2,-277351.9912,137.367019003054,-4.67902541658985,-177.301,-637.9766,01245M21:03:03,108,-62.5,5:30:00,144.3,2.42,0.14,5.11,0.17,8.48,0.19,46.48,0.54,0.76,0.05,9.71,0.1,0.81,0.02,1.09,0.04,5.9,0.07,0.95,0.03,0.27,0.01,0.17,0.02,17.58,0.2,978,49,865,30,159,5,APB_508081204ESC12460521370_______M1.DAT:APB_508066384ESC12460521370_______M1.DAT,,
1245,Tinkas,-277352.2842,8142390.761,-277352.2842,137.366605198714,-4.67921158468981,-176.74,-638.2696,01245M16:38:02,96.2,-26.9,3:21:12,155.2,2.43,0.14,5.53,0.17,8.77,0.19,48.88,0.54,0.9,0.05,6.36,0.08,0.8,0.02,1.15,0.04,4.19,0.04,0.92,0.03,0.25,0.01,0.25,0.02,19.17,0.2,1142,60,852,30,179,10,APB_508039461ESC12450521370_______M1.DAT:APB_508047081ESC12450521370_______M1.DAT,,
1191,Pomona,-277363.3219,8142366.227,-277363.3219,137.366604254187,-4.67921177865533,-201.274,-649.3073,01191M16:32:32,64.1,-33.7,3:38:58,146.9,2.44,0.14,7.48,0.17,9.05,0.19,44.7,0.54,1.23,0.07,10.35,0.12,1.03,0.02,0.67,0.02,5.04,0.06,0.92,0.03,0.27,0.01,0.21,0.02,16.19,0.2,1933,99,998,30,265,10,APB_503245770ESC11910512004_______M1.DAT:APB_503257771ESC11910512004_______M1.DAT,,
1191,Elizabeth_Bay,-277363.3334,8142366.171,-277363.3334,137.365712889885,-4.67928716377385,-201.33,-649.3188,01191M23:17:41,80.1,-68.6,8:00:00,146.5,2.64,0.14,7.69,0.17,9.45,0.29,46.29,0.54,1.14,0.07,7.41,0.08,1.12,0.02,0.6,0.02,5.57,0.06,1.03,0.03,0.3,0.01,0.27,0.02,16.27,0.2,671,35,1023,35,147,5,APB_503273880ESC11920512004_______M1.DAT:APB_503292299ESC11920512004_______M1.DAT,,
1182,Weissrand,-277367.8029,8142313.323,-277367.8029,137.36555066725,-4.67931686073732,-254.178,-653.7883,01182M22:33:33,74.5,-65.7,3:00:00,147.1,2.74,0.14,8.98,0.25,9.83,0.29,45.69,0.54,0.77,0.05,3.19,0.05,0.51,0.02,0.43,0.02,7.29,0.08,0.89,0.03,0.43,0.01,0.41,0.02,18.83,0.2,496,24,197,10,31,5,APB_502475789ESC11830511298_______M1.DAT,,
1184,Kibnas_APXS,-277369.5636,8142303.705,-277369.5636,137.367945348614,-4.67999540101695,-263.796,-655.549,01184M16:31:20,64.5,-25.4,3:45:00,157.4,2.27,0.14,9.97,0.25,8.49,0.19,44.56,0.54,0.76,0.05,3.28,0.05,0.51,0.02,0.35,0.01,7.04,0.08,0.9,0.03,0.53,0.01,0.4,0.02,20.76,0.26,489,24,228,10,20,10,APB_502623808ESC11840511430_______M1.DAT:APB_502630618ESC11840511430_______M1.DAT,,
1202,Greenhorn_postsieve_dump,-277409.7935,8142445.683,-277409.7935,137.358124537329,-4.68003363583633,-121.818,-695.7789,01202M20:45:41,64.5,-63.2,7:00:00,152.5,2.43,0.14,1.81,0.08,3.92,0.1,53.24,0.54,1.15,0.07,11.92,0.12,0.46,0.01,0.3,0.01,7.8,0.08,1,0.03,0.45,0.01,0.14,0.02,15.25,0.2,293,15,162,5,228,10,APB_504242829ESC12030520000_______M1.DAT:APB_504257649ESC12030520000_______M1.DAT,,
1375,Andara,-277412.0604,8141863.418,-277412.0604,137.356091002884,-4.68501934395129,-704.083,-698.0458,01375M20:35:20,98.1,-43.5,8:00:00,145.9,2.85,0.14,7.66,0.17,9.04,0.19,43.4,0.54,1.07,0.07,9.71,0.1,2.16,0.03,0.76,0.02,4.53,0.06,0.93,0.03,0.27,0.01,0.19,0.01,17.21,0.2,771,40,637,20,133,5,APB_519616786ESC13760543036_______M1.DAT:APB_519601966ESC13760543036_______M1.DAT,,
1403,Uku,-277707.6575,8141742.852,-277707.6575,137.355598583478,-4.6850656291828,-824.649,-993.6429,01403M18:57:30,111.8,-36,5:25:28,150.1,2.51,0.14,6.1,0.17,9.24,0.19,48.09,0.54,1.06,0.07,6.43,0.08,1.54,0.02,0.77,0.02,4.09,0.04,1.04,0.03,0.31,0.01,0.12,0.01,18.42,0.2,1237,65,749,24,153,5,APB_522096437ESC14040552444_______M1.DAT:APB_522081961ESC14030552444_______M1.DAT,,
1409,Zambezi,-277710.4017,8141713.657,-277710.4017,137.355607573358,-4.6850737942876,-853.844,-996.3871,01409M22:16:29,91.5,-43.4,4:30:00,144.7,4.52,0.2,2.64,0.08,9.34,0.19,59.25,0.64,0.57,0.05,2.87,0.05,0.71,0.02,3.17,0.1,2.96,0.04,0.82,0.03,0.03,0.01,0.21,0.01,12.69,0.13,55,10,168,10,32,5,APB_522641352ESC14100560000_______M1.DAT:APB_522626532ESC14100560000_______M1.DAT,,
1407,Sonneblom,-277710.8858,8141714.19,-277710.8858,137.354423219932,-4.68706842262353,-853.311,-996.8712,01407M19:57:29,69.5,-38.3,6:30:00,146.9,3.92,0.14,4.55,0.17,9.22,0.19,54.08,0.64,0.71,0.05,4.3,0.05,1.02,0.02,2.61,0.08,3.83,0.04,0.86,0.03,0.08,0.01,0.22,0.01,14.37,0.2,120,10,184,10,208,10,APB_522455278ESC14080560000_______M1.DAT:APB_522440458ESC14070560000_______M1.DAT,,
1419,Oudam_post_sieve_dump_pile,-277829.1451,8141643.971,-277829.1451,137.35438206551,-4.68712096535118,-923.53,-1115.1305,01419M19:34:28,69.9,-29.9,3:30:00,151.9,2.59,0.14,5.08,0.17,9,0.19,48.65,0.54,0.61,0.05,5.58,0.08,0.56,0.02,0.81,0.04,5.07,0.06,1.04,0.03,0.32,0.01,0.16,0.01,20.25,0.26,851,44,986,30,114,5,APB_523504288ESC14190561236_______M1.DAT,,
1416,Dondo,-277832.2603,8141641.531,-277832.2603,137.354366261537,-4.68712465406925,-925.97,-1118.2457,01416M19:45:10,100.9,-31.7,1:40:00,150.8,2.45,0.14,6.06,0.17,8.7,0.19,46.17,0.54,0.8,0.05,7.48,0.1,1.37,0.03,0.82,0.04,4.56,0.06,1.01,0.03,0.32,0.01,0.12,0.01,19.84,0.26,1058,54,978,30,252,10,APB_523227224ESC14160561122_______M1.DAT:APB_523230584ESC14160561122_______M1.DAT,,
1416,Chibia,-277832.479,8141640.594,-277832.479,137.352785442601,-4.69103444391352,-926.907,-1118.4644,01417M01:44:10,96.7,-45.3,4:00:00,144.8,2.57,0.14,5.03,0.17,9.03,0.19,47.85,0.54,0.75,0.05,6.73,0.08,2.14,0.03,0.96,0.04,3.85,0.04,1.04,0.03,0.3,0.01,0.09,0.01,19.37,0.26,1014,54,888,30,137,10,APB_523245936ESC14170561122_______M1.DAT:APB_523260756ESC14170561122_______M1.DAT,,
1436,Conda,-278064.2861,8141546.869,-278064.2861,137.353075817409,-4.69215773193595,-1020.632,-1350.2715,01436M22:38:14,99.4,-43,6:30:00,146,2.37,0.14,5.63,0.17,8.87,0.19,46.14,0.54,0.89,0.05,8.46,0.1,1.59,0.02,0.8,0.02,4.43,0.06,1.02,0.03,0.32,0.01,0.18,0.01,18.92,0.2,935,49,1071,35,636,20,APB_525024781ESC14370570462_______M1.DAT:APB_525039921ESC14370570462_______M1.DAT,,
1444,Andulo,-278130.8846,8141564.085,-278130.8846,137.354547492793,-4.69752380304978,-1003.416,-1416.87,01444M18:32:50,77.4,-26.4,2:50:00,156.7,2.02,0.14,5.22,0.17,8.13,0.19,44.37,0.54,0.98,0.07,10.97,0.12,0.83,0.02,0.76,0.02,6.58,0.07,1,0.03,0.28,0.01,0.13,0.01,18.5,0.2,804,44,701,24,68,5,APB_525711448ESC14440571020_______M1.DAT:APB_525717868ESC14440571020_______M1.DAT,,
1477,Caungula,-278449.033,8141651.339,-278449.033,137.354876694436,-4.69892388154678,-916.162,-1735.0184,01477M18:34:04,87.3,-21.3,2:50:00,166.7,2.67,0.14,6.94,0.17,8.83,0.19,40.5,0.43,2.21,0.12,5.4,0.08,2.7,0.04,0.62,0.02,3.67,0.04,1.02,0.03,0.38,0.01,0.2,0.01,24.4,0.26,714,40,957,30,1215,40,APB_528646299ESC14770580912_______M1.DAT:APB_528640480ESC14770580912_______M1.DAT,,
1484,Tobane,-278532.0421,8141670.857,-278532.0421,137.356022710157,-4.70151365173812,-896.644,-1818.0275,01484M18:42:39,92,-26.3,1:40:00,156.2,2.26,0.14,6.3,0.17,7.24,0.19,35.79,0.43,1.02,0.07,12.12,0.12,1.43,0.03,0.97,0.04,4.69,0.06,0.77,0.03,0.24,0.01,0.13,0.01,26.81,0.33,979,49,562,20,240,10,APB_529259452ESC14840581572_______M1.DAT:APB_529263701ESC14840581572_______M1.DAT,,
1504,Thrumcap,-278685.5867,8141738.803,-278685.5867,137.355520828607,-4.70404838463665,-828.698,-1971.5721,01504M22:25:31,98.3,-43.5,8:00:00,145.8,2.31,0.14,5.2,0.17,8.15,0.19,44.43,0.54,0.68,0.05,11.39,0.12,1.43,0.02,1.92,0.06,3.55,0.04,0.93,0.03,0.27,0.01,0.13,0.01,19.36,0.26,544,30,531,20,678,24,APB_531075479ESC15050590000_______M1.DAT:APB_531060659ESC15050590000_______M1.DAT,,
1511,Pemetic,-278835.8682,8141709.047,-278835.8682,137.356147252883,-4.70564349461425,-858.454,-2121.8536,01511M20:16:36,99,-28,2:15:00,155.1,2.38,0.14,4.93,0.17,8.95,0.19,51.04,0.54,1.04,0.07,3.07,0.05,1.17,0.02,1.14,0.04,2.74,0.03,1.1,0.03,0.35,0.01,0.14,0.01,21.52,0.26,1199,60,815,24,683,24,APB_531659312ESC15110591260_______M1.DAT:APB_531668449ESC15110591260_______M1.DAT,,
1518,Sheep_Porcupine,-278930.4405,8141746.187,-278930.4405,137.356146814353,-4.70564614266518,-821.314,-2216.4259,01518M18:35:22,72.4,-24.3,2:00:00,159.8,2.69,0.14,8.86,0.25,9.7,0.29,45.41,0.54,0.81,0.05,3.04,0.05,0.5,0.01,0.46,0.02,7.17,0.08,0.93,0.03,0.42,0.01,0.39,0.01,19.49,0.26,548,30,212,10,46,5,APB_532283725ESC15180592242_______M1.DAT:APB_532279104ESC15180592242_______M1.DAT,,
1518,Bald_Porcupine,-278930.5975,8141746.161,-278930.5975,137.35664969103,-4.70609728958326,-821.34,-2216.5829,01518M22:28:38,66.6,-51.6,7:45:47,148.8,2.61,0.14,9.11,0.25,9.66,0.29,45.54,0.54,0.79,0.05,2.97,0.05,0.49,0.01,0.48,0.02,7.39,0.08,0.91,0.03,0.49,0.01,0.41,0.01,19.03,0.2,493,24,208,10,21,5,APB_532306021ESC15190592242_______M1.DAT:APB_532321115ESC15190592242_______M1.DAT,,
1525,IronBound_Island,-278957.3455,8141775.976,-278957.3455,137.356651428286,-4.70610923617224,-791.525,-2243.3309,01525M22:35:52,86.5,-44.6,7:30:00,145.5,2.35,0.14,5.04,0.17,9.12,0.19,51.21,0.54,0.9,0.05,5.49,0.08,1.41,0.02,0.95,0.04,2.75,0.03,1.11,0.03,0.39,0.01,0.12,0.01,18.89,0.2,668,35,498,15,599,20,APB_532942739ESC15260592668_______M1.DAT:APB_532925560ESC15260592668_______M1.DAT,,
1524,Manset,-278958.0538,8141776.079,-278958.0538,137.356661126562,-4.70613878639657,-791.422,-2244.0392,01524M19:48:39,31.2,-41.5,7:00:00,146.1,2.29,0.14,6.24,0.17,7.38,0.19,35.64,0.43,0.95,0.07,12.61,0.15,1.61,0.03,1.17,0.04,6.07,0.07,0.88,0.03,0.26,0.01,0.18,0.01,24.45,0.26,450,24,570,20,932,30,APB_532826476ESC15240592668_______M1.DAT:APB_532841295ESC15250592668_______M1.DAT,,
1570,Valley_Cove,-278959.8058,8141776.654,-278959.8058,137.356657567716,-4.70613976297077,-790.847,-2245.7912,01571M01:14:34,76.7,-44.4,3:00:00,145.5,2.55,0.14,6.26,0.17,8.49,0.19,42.91,0.54,1.19,0.07,7.94,0.1,2.12,0.03,0.82,0.04,3.58,0.04,0.95,0.03,0.27,0.01,0.17,0.01,22.37,0.26,769,40,666,20,1397,44,APB_536915372ESC15710593016_______M1.DAT:APB_536930193ESC15710593016_______M1.DAT,,
1570,Fresh_Meadow,-278959.8637,8141776.443,-278959.8637,137.356657702649,-4.70613976465743,-791.058,-2245.8491,01570M19:08:01,74.3,-20.7,1:26:11,168.8,3.22,0.14,5.86,0.17,7.54,0.19,34.04,0.43,0.87,0.05,13.34,0.15,2.51,0.04,2.29,0.07,3.95,0.04,0.75,0.03,0.33,0.01,0.2,0.01,24.83,0.26,476,24,405,15,927,30,APB_536895894ESC15700593016_______M1.DAT:APB_536899015ESC15700593016_______M1.DAT,,
1567,Bar_Island,-278959.8638,8141776.451,-278959.8638,137.356657668916,-4.70613985236357,-791.05,-2245.8492,01567M22:08:17,77,-43.6,7:30:00,146.2,2.77,0.14,6.32,0.17,9.86,0.29,47.45,0.54,1.03,0.07,5.3,0.08,2.46,0.03,0.75,0.02,3.21,0.04,1.08,0.03,0.4,0.01,0.17,0.01,18.86,0.2,709,40,672,24,1333,44,APB_536667205ESC15680593016_______M1.DAT:APB_536652384ESC15680593016_______M1.DAT,,
1569,Eagle_Lake,-278959.869,8141776.449,-278959.869,137.356660384433,-4.70614025547451,-791.052,-2245.8544,01569M22:02:56,81,-41.5,6:00:00,147.4,2.95,0.14,6.34,0.17,9.14,0.19,44.34,0.54,0.99,0.07,7.43,0.08,2.68,0.03,0.84,0.04,4.27,0.06,0.98,0.03,0.41,0.01,0.19,0.01,19.05,0.2,659,35,586,20,1146,35,APB_536842880ESC15700593016_______M1.DAT:APB_536828060ESC15700593016_______M1.DAT,,
1566,Thompson_Island,-278959.8929,8141776.61,-278959.8929,137.356660620565,-4.70614039378035,-790.891,-2245.8783,01566M22:26:28,87.5,-44.1,4:30:00,145.8,2.62,0.14,5.96,0.17,9.13,0.19,44.8,0.54,1,0.07,6.29,0.08,2.38,0.03,0.83,0.04,3.75,0.04,1.01,0.03,0.32,0.01,0.18,0.01,21.39,0.26,749,40,644,20,1351,44,APB_536577751ESC15670593016_______M1.DAT:APB_536562932ESC15670593016_______M1.DAT,,
1566,Mill_Field,-278959.9011,8141776.624,-278959.9011,137.356708993877,-4.70622538103513,-790.877,-2245.8865,01566M19:07:10,95.4,-23.6,2:32:24,164,2.86,0.14,6.08,0.17,9.13,0.19,46.44,0.54,1.03,0.07,5.85,0.08,2.97,0.04,0.68,0.02,3.36,0.04,1.06,0.03,0.3,0.01,0.16,0.01,19.66,0.26,800,44,716,24,1430,44,APB_536547464ESC15660593016_______M1.DAT:APB_536542544ESC15660593016_______M1.DAT,,
1552,Beachcroft,-278964.9399,8141779.492,-278964.9399,137.356710613068,-4.70622671349388,-788.009,-2250.9253,01552M19:15:43,77.5,-30.9,1:50:00,151.6,2.18,0.14,3.99,0.08,7.87,0.19,45.18,0.54,1,0.07,13.05,0.15,0.79,0.02,0.98,0.04,7.39,0.08,0.96,0.03,0.31,0.01,0.09,0.01,15.93,0.2,460,24,351,15,116,5,APB_535303350ESC15520592830_______M1.DAT:APB_535299330ESC15520592830_______M1.DAT,,
1552,Echo_Lake,-278965.0189,8141779.588,-278965.0189,137.356704085706,-4.70624276877843,-787.913,-2251.0043,01552M21:42:29,86.7,-51.5,7:30:00,150.8,2.37,0.14,4.62,0.17,9.52,0.29,52.91,0.54,0.93,0.07,4.16,0.05,0.99,0.02,0.95,0.04,2.99,0.04,1.16,0.05,0.41,0.01,0.1,0.01,18.67,0.2,671,35,511,20,142,5,APB_535319178ESC15530592830_______M1.DAT:APB_535333998ESC15530592830_______M1.DAT,,
1537,Thomas_Bay,-278965.9708,8141779.201,-278965.9708,137.356706733757,-4.7062464423166,-788.3,-2251.9562,01537M20:51:29,93.7,-40.7,6:00:00,149.4,1.2,0.68,2.4,0.08,2.57,0.1,11.94,0.21,0.51,0.05,44.13,0.45,0.58,0.02,0.07,0.07,31.87,0.32,0.12,0.1,0.11,0.01,0.03,0.04,4.43,0.07,126,10,68,5,27,5,APB_533979017ESC15370592830_______M1.DAT:APB_533993836ESC15380592830_______M1.DAT,,
1531,Precipice_DRT,-278966.1886,8141779.358,-278966.1886,137.356947790724,-4.70631755682051,-788.143,-2252.174,01531M22:17:37,87.2,-41.8,3:00:00,145.2,2.18,0.07,3.45,0.08,9.94,0.29,53.49,0.64,1.15,0.07,2.16,0.05,0.76,0.02,0.83,0.04,2.08,0.03,1.11,0.05,0.4,0.01,0.08,0.01,22.14,0.26,932,49,458,15,104,5,APB_533457342ESC15320592830_______M1.DAT:APB_533472164ESC15320592830_______M1.DAT,,
1572,Isle_Au_Haut,-278970.4049,8141793.65,-278970.4049,137.358416413261,-4.70773112857063,-773.851,-2256.3903,01572M22:25:57,103.2,-43.1,4:00:00,145.9,2.27,0.14,5.64,0.17,8.93,0.19,48.03,0.54,1.38,0.09,5.24,0.08,1.41,0.02,0.88,0.04,2.44,0.03,1.06,0.03,0.3,0.01,0.13,0.01,22.01,0.26,1128,60,675,24,294,10,APB_537097347ESC15730600000_______M1.DAT:APB_537111702ESC15730600000_______M1.DAT,,
1581,Mars_Hill,-279054.214,8141880.723,-279054.214,137.358416834925,-4.70773115724379,-686.778,-2340.1994,01581M22:28:44,70.9,-41.8,4:00:00,145.6,2.29,0.14,6.61,0.17,8.46,0.19,46.72,0.54,1.14,0.07,6.16,0.08,1.37,0.02,0.88,0.04,3.65,0.04,1.06,0.03,0.32,0.01,0.19,0.01,20.83,0.26,798,40,1509,49,355,15,APB_537911306ESC15820600888_______M1.DAT:APB_537896486ESC15820600888_______M1.DAT,,
1581,Camera_Hill,-279054.2157,8141880.748,-279054.2157,137.35858136828,-4.70940080226498,-686.753,-2340.2011,01581M19:54:10,83.2,-30.8,2:00:00,151.8,2.02,0.14,5.69,0.17,6.49,0.19,32.78,0.43,4.22,0.23,15.35,0.17,1.13,0.03,0.54,0.02,9.17,0.1,0.69,0.03,0.24,0.01,0.22,0.01,21.26,0.26,434,24,832,24,221,10,APB_537876578ESC15810600888_______M1.DAT:APB_537881018ESC15810600888_______M1.DAT,,
1586,Bluffer_Pond,-279153.2071,8141890.503,-279153.2071,137.358571939869,-4.70940370162774,-676.998,-2439.1925,01586M19:13:35,84.7,-27.8,4:00:00,156.8,2.46,0.14,5.97,0.17,8.42,0.19,47.52,0.54,1.07,0.07,5.32,0.08,1.59,0.02,0.82,0.04,3.62,0.04,1.09,0.03,0.33,0.01,0.18,0.01,21.15,0.26,874,44,1823,54,702,24,APB_538328748ESC15860601752_______M1.DAT:APB_538321128ESC15860601752_______M1.DAT,,
1586,Belle_Lake,-279153.379,8141889.944,-279153.379,137.357787324067,-4.71024230393586,-677.557,-2439.3644,01586M23:30:25,86.7,-51.6,7:15:50,149.4,2.25,0.14,6.5,0.17,8.69,0.19,49.1,0.54,0.83,0.05,6.46,0.08,1.29,0.02,0.94,0.04,2.42,0.03,1.09,0.03,0.32,0.01,0.16,0.01,19.61,0.26,991,49,1518,49,326,10,APB_538345481ESC15870601752_______M1.DAT:APB_538359787ESC15870601752_______M1.DAT,,
1606,Quoddy_APXS,-279203.0988,8141843.425,-279203.0988,137.35764500398,-4.71024302413825,-724.076,-2489.0842,01606M18:25:26,80.6,-23.6,3:10:00,166.2,2.33,0.14,7.27,0.17,8.74,0.19,47.96,0.54,0.87,0.05,5.47,0.08,1.36,0.02,0.78,0.02,3.42,0.04,1.07,0.03,0.34,0.01,0.17,0.01,19.87,0.26,850,44,1674,54,270,10,APB_540101878ESC16060610156_______M1.DAT:APB_540093058ESC16060610156_______M1.DAT,,
1609,Perry,-279203.1415,8141834.987,-279203.1415,137.357780543707,-4.71025154175428,-732.514,-2489.1269,01609M19:33:19,73.4,-26,1:20:00,157,2.61,0.14,9.36,0.25,9.08,0.19,46.11,0.54,0.77,0.05,2.63,0.08,1.32,0.03,0.29,0.01,6.44,0.07,0.88,0.03,0.5,0.03,0.37,0.01,19.43,0.26,351,24,454,15,199,10,APB_540362777ESC16090610252_______M1.DAT:APB_540359657ESC16090610252_______M1.DAT,,
1606,Pogy,-279203.6465,8141843.023,-279203.6465,137.357644936513,-4.71025466881569,-724.478,-2489.6319,01606M22:52:10,89.1,-44.3,7:00:00,146,2.31,0.14,7.81,0.17,10.02,0.29,42.24,0.43,0.74,0.05,4.73,0.05,0.74,0.02,0.16,0.01,9.89,0.11,0.76,0.03,0.38,0.01,0.44,0.01,19.7,0.26,130,10,97,5,49,10,APB_540132298ESC16070610156_______M1.DAT:APB_540117478ESC16070610156_______M1.DAT,,
1609,Spurwink,-279203.8319,8141834.983,-279203.8319,137.358536722479,-4.71038830262128,-732.518,-2489.8173,01609M21:23:11,87.4,-40.3,5:30:00,146.9,2.31,0.14,6.25,0.17,8.86,0.19,49.73,0.54,1.28,0.07,3.7,0.05,1.35,0.02,0.86,0.04,3.1,0.04,1.12,0.05,0.32,0.01,0.15,0.01,20.59,0.26,824,44,1581,49,368,15,APB_540392949ESC16100610252_______M1.DAT:APB_540378129ESC16100610252_______M1.DAT,,
1593,Misery,-279211.7549,8141887.856,-279211.7549,137.357402496488,-4.71093941430511,-679.645,-2497.7403,01593M22:30:36,93.6,-42.7,6:30:00,146.3,2.59,0.14,5.97,0.17,8.75,0.19,47.72,0.54,0.81,0.05,5.46,0.08,2.13,0.03,0.84,0.04,3.36,0.04,1.1,0.03,0.31,0.01,0.19,0.01,20.38,0.26,878,44,1920,60,516,20,APB_538961896ESC15940602346_______M1.DAT:APB_538976715ESC15940602346_______M1.DAT,,
1600,Rye,-279244.4297,8141820.609,-279244.4297,137.357408399786,-4.71096119747561,-746.892,-2530.4151,01600M22:20:42,73.5,-43.5,6:00:00,145.8,2.92,0.14,8.15,0.17,8.71,0.19,44.97,0.54,0.85,0.05,3.06,0.05,0.69,0.02,2.01,0.07,6.11,0.07,1.04,0.03,0.4,0.01,0.41,0.01,20.43,0.26,368,20,1312,40,133,5,APB_539596058ESC16010602928_______M1.DAT:APB_539581239ESC16010602928_______M1.DAT,,
1600,Whiskey,-279245.7212,8141820.959,-279245.7212,137.357141115308,-4.711143649871,-746.542,-2531.7066,01600M19:59:18,96.3,-27.1,1:30:00,156,2.55,0.14,5.71,0.17,8.31,0.19,46.24,0.54,1.46,0.09,6.64,0.1,1.9,0.03,0.82,0.04,4.32,0.06,1.05,0.03,0.3,0.01,0.19,0.01,20.15,0.26,793,40,1213,40,790,24,APB_539565905ESC16000602928_______M1.DAT:APB_539562289ESC16000602928_______M1.DAT,,
1602,Matagamon,-279256.5386,8141805.112,-279256.5386,137.357152820706,-4.71114378311687,-762.389,-2542.524,01602M21:49:38,64.6,-41.3,4:30:00,145.8,2.53,0.14,9.76,0.25,9.1,0.19,44.09,0.54,0.77,0.05,2.96,0.05,0.45,0.02,0.41,0.02,7.25,0.08,1.02,0.03,0.66,0.01,0.44,0.01,20.46,0.26,456,24,228,10,24,5,APB_539758337ESC16030603162_______M1.DAT:APB_539774035ESC16030603162_______M1.DAT,,
1603,Flume_Ridge,-279256.5465,8141805.806,-279256.5465,137.358524308686,-4.71122532284548,-761.695,-2542.5319,01603M19:43:39,80.8,-28.4,2:00:00,154.1,2.44,0.14,10.97,0.25,8.57,0.19,43.93,0.54,0.74,0.05,2.61,0.05,0.44,0.02,0.37,0.01,6.94,0.07,0.88,0.03,0.45,0.01,0.43,0.01,21.11,0.26,706,40,175,10,35,5,APB_539830345ESC16030603162_______M1.DAT:APB_539836165ESC16030603162_______M1.DAT,,
1614,Spider_Lake_APXS,-279261.3809,8141887.12,-279261.3809,137.35845630269,-4.71134207490476,-680.381,-2547.3663,01614M22:23:53,76,-44.8,7:00:00,148.2,2.25,0.14,5.8,0.17,8.18,0.19,42.59,0.43,1.03,0.07,10.93,0.12,0.86,0.02,0.72,0.02,8,0.08,0.93,0.03,0.34,0.01,0.2,0.01,17.95,0.2,645,35,855,30,71,5,APB_540840564ESC16150610924_______M1.DAT:APB_540825743ESC16150610924_______M1.DAT,,
1618,Tomhegan,-279268.303,8141883.088,-279268.303,137.358459288072,-4.71135049806802,-684.413,-2554.2884,01618M19:33:22,72.9,-26.7,1:32:21,156.1,2.41,0.14,9.73,0.25,8.67,0.19,43.35,0.54,0.75,0.05,3.02,0.08,0.49,0.02,0.39,0.01,7.18,0.08,1.13,0.05,0.79,0.03,0.45,0.01,21.52,0.26,434,24,212,15,19,5,APB_541161748ESC16180611140_______M1.DAT:APB_541158628ESC16180611140_______M1.DAT,,
1618,Waweig,-279268.8024,8141883.265,-279268.8024,137.358751653134,-4.71284600591106,-684.236,-2554.7878,01618M21:39:00,64.3,-49.4,5:10:00,151.6,2.43,0.14,9.75,0.25,8.91,0.19,43.97,0.54,0.77,0.05,2.99,0.05,0.47,0.02,0.39,0.01,7.28,0.08,1.02,0.03,0.63,0.01,0.45,0.01,20.82,0.26,430,24,210,10,20,5,APB_541197552ESC16190611140_______M1.DAT:APB_541186359ESC16190611140_______M1.DAT,,
1638,Ash_Island,-279357.4694,8141900.599,-279357.4694,137.358756628771,-4.71285627933665,-666.902,-2643.4548,01638M19:22:26,77.8,-21.7,1:26:12,167.3,2.24,0.14,5.55,0.17,6.65,0.19,35.78,0.43,1.98,0.12,17.02,0.2,1.39,0.03,0.53,0.02,11.27,0.13,0.84,0.03,0.28,0.01,0.29,0.01,15.92,0.2,443,24,998,30,557,20,APB_542936564ESC16380612232_______M1.DAT:APB_542933444ESC16380612232_______M1.DAT,,
1637,Ripogenus,-279358.0785,8141900.894,-279358.0785,137.358762397137,-4.71286314402918,-666.607,-2644.0639,01637M22:04:07,71.3,-45.8,8:00:00,148,2.18,0.07,12.27,0.25,7.63,0.19,42.43,0.43,0.69,0.05,2.58,0.05,0.41,0.01,0.31,0.01,6.64,0.07,0.96,0.03,0.51,0.01,0.47,0.01,22.79,0.26,690,35,179,10,30,5,APB_542884836ESC16380612232_______M1.DAT:APB_542866337ESC16380612232_______M1.DAT,,
1638,Greenvale_Cove,-279358.4855,8141901.236,-279358.4855,137.360770243801,-4.71319189702152,-666.265,-2644.4709,01638M21:47:20,71.9,-42.1,8:25:03,145.8,2.65,0.14,9.42,0.25,9.57,0.29,44.8,0.54,0.76,0.05,2.97,0.05,0.48,0.01,0.43,0.02,7.33,0.08,0.88,0.03,0.49,0.01,0.42,0.01,19.68,0.26,461,24,207,10,23,5,APB_542970329ESC16390612232_______M1.DAT:APB_542954077ESC16390612232_______M1.DAT,,
1650,Flanders_Bay,-279377.9769,8142020.279,-279377.9769,137.359201518193,-4.71319266276363,-547.222,-2663.9623,01650M19:00:20,77,-30.5,4:00:00,153,2.53,0.14,9.93,0.25,9.26,0.19,44.45,0.54,0.73,0.05,2.82,0.05,0.45,0.02,0.4,0.02,7.24,0.08,0.91,0.03,0.52,0.01,0.42,0.01,20.21,0.26,542,30,187,10,23,5,APB_544024940ESC16510620108_______M1.DAT:APB_544009075ESC16500620108_______M1.DAT,,
1640,Junk_of_Pork_Island,-279378.0223,8141927.271,-279378.0223,137.360647455198,-4.7132132416613,-640.23,-2664.0077,01640M20:27:27,80.9,-33.4,1:16:12,148.9,2.41,0.14,6.4,0.17,9.39,0.19,51.09,0.54,0.71,0.05,4.28,0.1,1.08,0.03,0.8,0.02,2.76,0.04,1.12,0.05,0.32,0.01,0.16,0.01,19.16,0.2,839,44,1397,44,212,10,APB_543118121ESC16400612472_______M1.DAT:APB_543115001ESC16400612472_______M1.DAT,,
1647,Halftide_Ledge,-279379.2424,8142012.999,-279379.2424,137.360295702955,-4.71339354694277,-554.502,-2665.2278,01647M22:21:55,104.7,-44.3,7:28:52,146.5,2.22,0.07,4.22,0.17,5.13,0.19,26.87,0.32,0.84,0.05,26.45,0.28,1.55,0.02,0.36,0.01,16.36,0.17,0.59,0.03,0.19,0.01,0.16,0.01,14.9,0.2,379,20,623,20,262,10,APB_543755039ESC16480620000_______M1.DAT:APB_543769998ESC16480620000_______M1.DAT,,
1661,Treasure_Island,-279389.9325,8141992.144,-279389.9325,137.360165071399,-4.71396787714191,-575.357,-2675.9179,01662M02:32:05,48.9,-55,1:30:00,170,2.49,0.14,6.02,0.17,9.13,0.19,50.64,0.54,1.06,0.07,3.22,0.1,1.22,0.04,0.85,0.04,2.85,0.04,1.14,0.05,0.37,0.03,0.24,0.01,20.45,0.26,1040,54,1369,44,80,10,APB_544998622ESC16620620444_______M1.DAT:APB_545013443ESC16620620444_______M1.DAT,,
1668,Sheldrake_Island,-279423.9839,8141984.399,-279423.9839,137.360174331144,-4.7139705184462,-583.102,-2709.9693,01668M21:46:20,58.8,-44.3,4:30:00,146.8,2.59,0.14,5.94,0.17,8.95,0.19,49.03,0.54,0.98,0.07,5.17,0.08,1.3,0.02,0.8,0.02,2.81,0.04,1.11,0.03,0.32,0.01,0.25,0.01,20.4,0.26,1005,54,1472,44,168,10,APB_545628828ESC16690620786_______M1.DAT:APB_545617248ESC16690620786_______M1.DAT,,
1668,Morancy_Stream,-279424.1405,8141984.948,-279424.1405,137.361521801133,-4.71680551839307,-582.553,-2710.1259,01668M18:36:41,59.2,-21.7,1:18:24,168,2.63,0.14,6.95,0.17,6.79,0.19,33.07,0.43,1.1,0.07,4.15,0.1,1.8,0.04,0.47,0.02,3.13,0.04,0.82,0.03,0.26,0.03,0.39,0.03,38.14,0.39,549,35,1391,44,478,15,APB_545596135ESC16680620786_______M1.DAT:APB_545593135ESC16680620786_______M1.DAT,,
1681,Duck_Brook_Bridge,-279592.2245,8142064.838,-279592.2245,137.362255344973,-4.71794446702241,-502.663,-2878.2099,01681M21:55:34,51.6,-46.7,4:58:55,148.5,2.09,0.07,4.89,0.17,7.91,0.19,43.61,0.54,0.96,0.07,11.09,0.12,0.99,0.02,0.69,0.02,6.47,0.07,1.05,0.03,0.27,0.01,0.23,0.01,19.43,0.26,1174,60,1212,40,266,10,APB_546771748ESC16820622452_______M1.DAT:APB_546786126ESC16820622452_______M1.DAT,,
1688,Little_Notch,-279659.7515,8142108.329,-279659.7515,137.362243690175,-4.71794840536566,-459.172,-2945.7369,01688M23:09:07,52.7,-53,5:00:00,149.8,2.75,0.14,8.3,0.25,9.93,0.29,45.16,0.54,0.81,0.05,3.75,0.08,0.57,0.02,0.48,0.02,7.59,0.08,0.98,0.03,0.52,0.01,0.41,0.01,18.63,0.2,390,20,233,10,31,5,APB_547412478ESC16890623350_______M1.DAT:APB_547397839ESC16890623350_______M1.DAT,,
1687,Man_of_War_Brook,-279659.985,8142107.638,-279659.985,137.362245073234,-4.71795063512574,-459.863,-2945.9704,01687M18:41:44,60.5,-25.5,1:26:12,159,2.53,0.14,8.8,0.25,8.62,0.19,42.98,0.54,0.95,0.07,5.52,0.1,0.69,0.03,0.49,0.02,7.18,0.08,1.04,0.03,0.33,0.03,0.37,0.03,20.32,0.26,979,49,221,15,51,5,APB_547284001ESC16870623350_______M2.DAT:APB_547280881ESC16870623350_______M2.DAT,,
1687,Schoolhouse_Ledge,-279660.1172,8142107.72,-279660.1172,137.362240063864,-4.71795244659497,-459.781,-2946.1026,01687M20:47:57,46.8,-40,5:30:00,146.3,2.73,0.14,8.65,0.25,9.5,0.29,43.29,0.54,1,0.07,5.24,0.08,0.72,0.02,0.55,0.02,7.49,0.08,1.01,0.03,0.36,0.01,0.39,0.01,18.91,0.2,648,35,255,10,54,5,APB_547300363ESC16880623350_______M2.DAT:APB_547315783ESC16880623350_______M1.DAT,,
1688,Cold_Ledge,-279660.2246,8142107.423,-279660.2246,137.362161195799,-4.71823361225687,-460.078,-2946.21,01688M19:19:45,54.4,-31.5,3:10:00,150.9,2.84,0.14,8.16,0.17,9.91,0.29,45.33,0.54,0.99,0.07,4.98,0.08,0.72,0.02,0.56,0.02,7.22,0.08,0.94,0.03,0.3,0.01,0.36,0.01,17.53,0.2,617,35,229,10,71,5,APB_547375300ESC16880623350_______M1.DAT:APB_547381390ESC16880623350_______M1.DAT,,
1692,Sagadahoc_Bay,-279676.8946,8142102.747,-279676.8946,137.362159036879,-4.7182341789735,-464.754,-2962.88,01692M18:44:45,90.6,-27.1,3:20:00,158.7,2.36,0.14,6.33,0.17,8.31,0.19,42.37,0.43,1.25,0.07,4.55,0.08,2.11,0.03,0.66,0.02,3.12,0.04,1.01,0.03,0.28,0.01,0.35,0.01,26.8,0.33,1448,74,2454,74,403,15,APB_547734688ESC16920630100_______M1.DAT:APB_547728240ESC16920630100_______M1.DAT,,
1692,Myrtle_Ledge,-279676.9282,8142102.619,-279676.9282,137.362382097219,-4.71824353991785,-464.882,-2962.9136,01692M22:23:05,84.2,-48,5:30:00,149.2,2.41,0.14,7.22,0.17,8.22,0.19,41.17,0.43,0.98,0.07,6.12,0.08,2.1,0.03,0.65,0.02,3.57,0.04,0.94,0.03,0.25,0.01,0.77,0.03,25.17,0.26,627,35,2363,74,706,24,APB_547750602ESC16930630100_______M1.DAT:APB_547765421ESC16930630100_______M1.DAT,,
1695,Mitchell_Hill,-279677.4832,8142115.844,-279677.4832,137.3623684353,-4.71825381840341,-451.657,-2963.4686,01695M18:41:56,52.7,-29.9,3:39:12,154.4,2.44,0.14,7.74,0.17,8.3,0.19,42.58,0.43,1.27,0.07,7.57,0.1,2.06,0.03,0.64,0.02,4.81,0.06,1.01,0.03,0.24,0.01,0.36,0.01,20.58,0.26,467,24,1949,60,847,30,APB_547994989ESC16950630346_______M1.DAT:APB_548001888ESC16950630346_______M1.DAT,,
1695,Mason_Point,-279678.0926,8142115.034,-279678.0926,137.364247353931,-4.71896710043652,-452.467,-2964.078,01695M22:36:23,64.2,-54.6,7:36:48,148.3,2.31,0.14,7.44,0.17,7.9,0.19,42.69,0.43,1.08,0.07,6.19,0.08,2.27,0.03,0.67,0.02,3.81,0.04,1.04,0.03,0.27,0.01,0.47,0.01,23.41,0.26,494,24,2035,65,1225,40,APB_548017242ESC16960630346_______M1.DAT:APB_548034198ESC16960630346_______M1.DAT,,
1702,Pulpit_Ledge,-279720.3823,8142226.433,-279720.3823,137.364309338562,-4.71933663172645,-341.068,-3006.3677,01702M22:20:48,47.3,-52.6,2:31:01,155.7,1.84,0.07,5.72,0.17,4.86,0.19,25.98,0.32,1.08,0.07,28.63,0.3,1.55,0.03,0.44,0.02,19.48,0.2,0.55,0.02,0.17,0.01,0.23,0.01,9.28,0.13,421,24,723,24,237,10,APB_548636693ESC17030631420_______M1.DAT:APB_548651213ESC17030631420_______M1.DAT,,
1710,White_Ledge,-279742.2914,8142230.108,-279742.2914,137.364313740736,-4.71933674979241,-337.393,-3028.2768,01710M20:25:26,69.9,-41.3,6:30:00,148,2.21,0.07,5.96,0.17,6.54,0.19,33.63,0.43,1.81,0.09,17.93,0.2,1.72,0.03,0.54,0.02,10.87,0.11,0.82,0.03,0.2,0.01,0.56,0.01,16.96,0.2,445,24,1132,35,177,10,APB_549353037ESC17110631840_______M1.DAT:APB_549337135ESC17100631840_______M1.DAT,,
1710,Patty_Lot_Hill,-279742.2984,8142230.369,-279742.2984,137.364412443883,-4.71960180619674,-337.132,-3028.2838,01710M18:35:37,72.6,-22.6,1:26:12,165.5,2.16,0.14,6.14,0.17,6.69,0.19,34.78,0.43,1.17,0.07,17.45,0.2,1.41,0.03,0.52,0.02,10.6,0.11,0.81,0.03,0.18,0.01,0.41,0.03,17.45,0.2,421,24,944,30,238,10,APB_549322315ESC17100631840_______M1.DAT:APB_549325435ESC17100631840_______M1.DAT,,
1714,Berry_Cove,-279758.0133,8142236.221,-279758.0133,137.364411212623,-4.71960229532717,-331.28,-3043.9987,01714M18:48:49,54,-31.9,3:26:12,151.9,2.35,0.14,7.1,0.17,7.67,0.19,34.64,0.43,3.2,0.16,10.46,0.12,1.69,0.03,0.51,0.02,6.73,0.07,0.86,0.03,0.16,0.01,0.76,0.03,23.49,0.26,439,24,2173,70,368,15,APB_549681826ESC17140632086_______M1.DAT:APB_549688306ESC17140632086_______M1.DAT,,
1714,Heron_Island,-279758.0423,8142236.148,-279758.0423,137.364405596057,-4.71960524528963,-331.353,-3044.0277,01714M22:32:59,63.5,-53.2,7:06:25,148.9,2.47,0.14,6.97,0.17,8.16,0.19,37.82,0.43,1.47,0.09,10.63,0.12,1.76,0.03,0.48,0.02,7.02,0.08,0.84,0.03,0.17,0.01,0.6,0.01,21.28,0.26,375,20,2021,65,355,15,APB_549703067ESC17150632086_______M1.DAT:APB_549718807ESC17150632086_______M1.DAT,,
1715,Old_Mill_Brook,-279758.2172,8142235.815,-279758.2172,137.36819505813,-4.72052110659181,-331.686,-3044.2026,01715M18:46:49,57.4,-26.1,2:00:00,158.4,2.33,0.14,6.73,0.17,8.84,0.19,47.99,0.54,1.05,0.07,5.41,0.1,0.83,0.03,0.75,0.02,3.56,0.04,1.14,0.05,0.34,0.01,0.29,0.01,20.37,0.26,898,44,1606,49,518,20,APB_549771799ESC17150632086_______M1.DAT:APB_549767778ESC17150632086_______M1.DAT,,
1744,Jobbies,-279812.5176,8142460.488,-279812.5176,137.368190908954,-4.72052283204155,-107.013,-3098.503,01744M18:35:49,63.3,-35.8,3:27:45,148.7,2.78,0.14,6.98,0.17,8.19,0.19,43.32,0.54,1.04,0.07,6.86,0.1,3.07,0.04,0.91,0.04,3.05,0.04,1.01,0.03,0.28,0.01,0.35,0.01,21.69,0.26,996,49,2440,74,414,15,APB_552344351ESC17440641626_______M1.DAT:APB_552351131ESC17440641626_______M1.DAT,,
1744,Mingo_DRT,-279812.6199,8142460.242,-279812.6199,137.367161238809,-4.7207226384471,-107.259,-3098.6053,01744M22:23:52,48.7,-47.2,2:01:01,152.5,2.3,0.14,5.73,0.17,8.63,0.19,48.74,0.54,1.11,0.07,3.11,0.08,1.49,0.03,1.01,0.04,2.77,0.04,1.16,0.05,0.35,0.01,0.35,0.01,22.79,0.26,1006,54,2295,70,425,15,APB_552366482ESC17450641626_______M1.DAT:APB_552381403ESC17450641626_______M1.DAT,,
1736,McFarland_Mountain,-279824.4662,8142399.194,-279824.4662,137.367166889109,-4.72072640643804,-168.307,-3110.4516,01736M20:08:05,51.3,-39.9,1:32:23,145.9,2.33,0.14,6.93,0.17,8.69,0.19,46.59,0.54,1.03,0.07,4.83,0.1,1.15,0.03,0.78,0.02,3.61,0.06,1.07,0.03,0.33,0.03,0.3,0.03,21.98,0.26,821,44,1712,54,276,10,APB_551639271ESC17360640996_______M1.DAT:APB_551636152ESC17360640996_______M1.DAT,,
1736,Winter_Harbor,-279824.6896,8142399.529,-279824.6896,137.368728598225,-4.72076344879116,-167.972,-3110.675,01736M21:59:54,57.6,-60.4,4:00:00,152.2,2.01,0.07,5.2,0.17,8.82,0.19,49.84,0.54,1.14,0.07,2.94,0.05,1.12,0.02,1.01,0.04,2.59,0.03,1.17,0.05,0.33,0.01,0.3,0.01,23.09,0.26,960,49,2063,65,450,15,APB_551654744ESC17370640996_______M1.DAT:APB_551669565ESC17370640996_______M1.DAT,,
1749,Thomas_Little_Toes,-279826.8858,8142492.121,-279826.8858,137.368743187805,-4.72076581011046,-75.38,-3112.8712,01749M22:53:28,53.7,-63.4,7:32:24,153.2,2.52,0.14,9.55,0.25,9.03,0.19,44.12,0.54,0.8,0.05,3.34,0.05,0.51,0.02,0.42,0.02,7.32,0.08,0.97,0.03,0.53,0.01,0.44,0.01,20.31,0.26,566,30,211,10,35,5,APB_552810811ESC17500642088_______M1.DAT:APB_552825135ESC17500642088_______M1.DAT,,
1750,Enchanted_Island,-279827.0258,8142492.986,-279827.0258,137.36520351958,-4.72082251719336,-74.515,-3113.0112,01750M18:55:45,43.4,-38.7,5:00:00,147.7,2.42,0.14,10.48,0.25,8.15,0.19,41.59,0.43,0.9,0.05,3.63,0.08,0.54,0.02,0.41,0.02,7.31,0.08,1.09,0.03,0.3,0.01,0.43,0.01,22.54,0.26,1394,70,164,10,38,5,APB_552886233ESC17500642088_______M1.DAT:APB_552901053ESC17510642088_______M1.DAT,,
1725,Barr_Hill,-279830.3879,8142283.123,-279830.3879,137.366260496697,-4.72108189968475,-284.378,-3116.3733,01725M18:28:19,61.5,-30,1:38:10,156.3,1.41,0.14,3.31,0.08,2.72,0.1,12.01,0.21,0.52,0.07,43.63,0.45,0.63,0.03,0.07,0.07,33.05,0.34,0.05,0.1,0.06,0.01,0.05,0.04,2.37,0.07,87,15,164,10,38,5,APB_550657319ESC17250633326_______M1.DAT:APB_550654199ESC17250633326_______M1.DAT,,
1729,Frazer_Creek,-279845.7664,8142345.79,-279845.7664,137.366262756817,-4.72108200763077,-221.711,-3131.7518,01729M22:44:58,42.5,-53,2:00:00,161.3,2.35,0.14,6.89,0.17,8.55,0.19,45.89,0.54,1.11,0.07,5.73,0.1,0.9,0.03,0.84,0.04,3.54,0.04,1.05,0.03,0.34,0.01,0.33,0.01,22.02,0.26,935,49,1847,60,478,15,APB_551036102ESC17300640420_______M1.DAT:APB_551052556ESC17300640420_______M1.DAT,,
1729,Lurvey_Spring,-279845.7728,8142345.924,-279845.7728,137.371592473733,-4.72168105915628,-221.577,-3131.7582,01729M18:42:22,56.5,-32.2,3:20:00,152.5,1.85,0.07,4.81,0.17,4.28,0.1,21,0.21,0.82,0.05,34.59,0.35,1.2,0.03,0.33,0.01,23.98,0.25,0.36,0.02,0.11,0.01,0.1,0.01,6.44,0.13,265,15,489,15,129,5,APB_551020750ESC17290640420_______M1.DAT:APB_551013550ESC17290640420_______M1.DAT,,
1790,The_Shivers,-279881.2899,8142661.917,-279881.2899,137.37021422226,-4.72174421264085,94.416,-3167.2753,01790M18:17:25,44,-39.7,3:48:11,146.1,2.35,0.14,11.49,0.25,8.34,0.19,42.42,0.43,0.76,0.05,2.96,0.08,0.45,0.02,0.39,0.01,6.99,0.07,0.92,0.03,0.41,0.01,0.44,0.01,21.92,0.26,939,49,165,10,40,5,APB_556427467ESC17900651174_______M1.DAT:APB_556434907ESC17900651174_______M1.DAT,,
1783,Pond_of_Tea,-279885.0342,8142580.202,-279885.0342,137.370215470386,-4.72174521282824,12.701,-3171.0196,01783M19:05:22,65.4,-41.3,3:30:00,147.8,1.76,0.07,4.22,0.17,4.65,0.1,23.38,0.32,0.78,0.05,32.62,0.35,0.87,0.02,0.34,0.01,23.51,0.24,0.35,0.02,0.12,0.01,0.07,0.01,7.16,0.13,255,15,359,15,244,10,APB_555808774ESC17830650156_______M1.DAT:APB_555815929ESC17830650156_______M1.DAT,,
1783,Burnt_Coat,-279885.0935,8142580.276,-279885.0935,137.372838626259,-4.72230313860489,12.775,-3171.0789,01784M00:05:26,46.2,-67.1,4:51:31,149,2.29,0.14,6.15,0.17,8.76,0.19,47.99,0.54,0.99,0.07,5.39,0.08,0.8,0.02,0.93,0.04,3.48,0.04,1.1,0.03,0.33,0.01,0.22,0.01,21.25,0.26,882,44,1083,35,175,10,APB_555845521ESC17840650156_______M1.DAT:APB_555831282ESC17840650156_______M1.DAT,,
1797,Abagadasset,-279918.1723,8142735.8,-279918.1723,137.372466043807,-4.72316751471313,168.299,-3204.1577,01797M18:41:49,63.8,-40.2,3:28:12,147.8,1.95,0.07,4.27,0.17,4.86,0.19,24.86,0.32,0.9,0.05,29.33,0.3,1.39,0.03,0.47,0.02,20.76,0.21,0.48,0.02,0.14,0.01,0.11,0.01,10.27,0.13,392,20,656,20,154,5,APB_557056543ESC17970652186_______M1.DAT:APB_557049793ESC17970652186_______M1.DAT,,
1805,Gunning_Rocks,-279969.4202,8142713.71,-279969.4202,137.372462619894,-4.72316964833378,146.209,-3255.4056,01805M19:08:14,44,-48.2,7:00:00,148.5,2.45,0.14,8.89,0.25,8.78,0.19,41.93,0.43,2.02,0.12,4.01,0.08,0.9,0.02,0.55,0.02,5.65,0.07,0.93,0.03,0.37,0.01,0.46,0.01,22.77,0.26,870,44,1391,44,96,5,APB_557769596ESC18050652882_______M1.DAT:APB_557784416ESC18060652882_______M1.DAT,,
1806,Robinson_Rock,-279969.5467,8142713.507,-279969.5467,137.372810779558,-4.72381928269192,146.006,-3255.5321,01806M18:13:28,55.3,-39.8,5:30:00,147.7,1.98,0.07,5.3,0.17,7.83,0.19,43.12,0.54,1.51,0.09,13.6,0.15,0.79,0.02,0.79,0.02,7.83,0.08,0.96,0.03,0.26,0.01,0.17,0.01,15.58,0.2,491,24,1755,54,87,5,APB_557854993ESC18060652882_______M1.DAT:APB_557869813ESC18070652882_______M1.DAT,,
1816,Schoppee,-280008.0628,8142734.149,-280008.0628,137.379105348405,-4.72386887377045,166.648,-3294.0482,01816M20:27:39,46.7,-65.1,4:30:00,151.6,2.44,0.14,4.69,0.17,9.57,0.29,50.06,0.54,0.98,0.07,3.78,0.08,1.33,0.03,0.81,0.04,2.46,0.03,1.09,0.03,0.32,0.01,0.09,0.01,22.08,0.26,948,49,1142,35,115,5,APB_558749211ESC18160660084_______M1.DAT:APB_558764031ESC18170660084_______M1.DAT,,
2038,Nashwauk,-280011.003,8143107.347,-280011.003,137.372609240956,-4.72405008815986,539.846,-3296.9884,02038M19:09:28,94.8,-36.3,4:30:00,150.1,2.76,0.14,5.38,0.17,9.09,0.19,46.81,0.54,1.11,0.07,5.48,0.08,1.7,0.03,0.82,0.04,3.15,0.04,1.05,0.03,0.32,0.01,0.1,0.01,21.9,0.26,838,44,1229,40,148,5,APB_578468678ESC20390700240_______M1.DAT:APB_578454113ESC20380700240_______M1.DAT,,
1821,Pennessewassee,-280021.747,8142722.2,-280021.747,137.372603843654,-4.72405142567857,154.699,-3307.7324,01821M19:15:23,63.3,-44.8,1:20:00,145,2.54,0.14,5.99,0.17,8.66,0.19,46.27,0.54,0.96,0.07,6.66,0.12,1.77,0.04,0.81,0.04,4.38,0.06,1.04,0.03,0.3,0.01,0.13,0.01,20.14,0.26,991,49,1013,35,555,20,APB_559180527ESC18210660246_______M1.DAT:APB_559185447ESC18210660246_______M1.DAT,,
1821,Passadumkeag_DRT,-280021.8263,8142721.88,-280021.8263,137.377192780975,-4.72414891105905,154.379,-3307.8117,01821M23:02:00,62.3,-65.8,6:27:23,150.3,2.75,0.14,4.83,0.17,9.01,0.19,47.19,0.54,0.86,0.05,6.59,0.08,2.78,0.03,0.98,0.04,4.4,0.06,1.07,0.03,0.31,0.01,0.12,0.01,18.78,0.2,920,49,940,30,379,15,APB_559202370ESC18220660246_______M1.DAT:APB_559217650ESC18220660246_______M1.DAT,,
2055,Duluth_DRT,-280027.6061,8142993.953,-280027.6061,137.377208956012,-4.72415040881015,426.452,-3313.5915,02055M18:20:24,89.4,-37,6:56:03,152,2.26,0.14,3.43,0.08,9.11,0.19,52,0.54,1.06,0.07,2.22,0.05,0.61,0.02,1.11,0.04,2.47,0.03,1.14,0.05,0.34,0.01,0.19,0.01,23.65,0.26,938,49,1565,49,373,15,APB_579960253ESC20550701752_______M1.DAT:APB_579976564ESC20560701752_______M1.DAT,,
2080,Duluth_DBA_dump_center,-280027.6949,8142994.912,-280027.6949,137.377142737872,-4.72417382635094,427.411,-3313.6803,02080M23:09:19,51.3,-41.9,8:00:00,146.9,2.24,0.07,2.66,0.08,7.81,0.19,42.9,0.54,1.11,0.07,9.86,0.1,0.89,0.02,0.94,0.04,7.52,0.08,1.05,0.03,0.32,0.01,0.21,0.01,22.12,0.26,923,49,1421,44,20,5,APB_582197425ESC20810701752_______M1.DAT:APB_582212618ESC20810701752_______M1.DAT,,
2090,Hunter_Lake,-280029.0833,8142990.986,-280029.0833,137.377330479623,-4.72434095884406,423.485,-3315.0687,02090M19:53:38,77.2,-33,1:40:00,154.4,2.57,0.14,7.2,0.17,8.11,0.19,43.81,0.54,0.94,0.07,5.54,0.1,0.89,0.03,0.72,0.02,4.53,0.06,1.12,0.05,0.4,0.01,0.22,0.01,23.44,0.26,912,49,1448,44,1395,44,APB_583061826ESC20900710228_______M1.DAT:APB_583065390ESC20900710228_______M1.DAT,,
2049,Carleton,-280038.9924,8143002.117,-280038.9924,137.380084334519,-4.72455792866758,434.616,-3324.9778,02049M18:46:14,90.2,-29.9,1:20:00,156.3,2.36,0.14,5.42,0.17,8.58,0.19,46.11,0.54,1.16,0.07,5.34,0.1,0.75,0.02,0.78,0.02,3.89,0.04,1.06,0.03,0.31,0.01,0.15,0.01,23.79,0.26,895,44,1067,35,126,5,APB_579420619ESC20490701538_______M1.DAT:APB_579417499ESC20490701538_______M1.DAT,,
2029,Babbitt,-280051.8563,8143165.39,-280051.8563,137.372437336911,-4.72468954691849,597.889,-3337.8417,02029M20:45:01,93.9,-40.7,3:00:00,147.9,2.98,0.14,4.99,0.17,9.07,0.19,47.19,0.54,0.8,0.05,6.65,0.1,2.45,0.03,0.96,0.04,3.33,0.04,1.07,0.03,0.32,0.01,0.2,0.01,19.72,0.26,992,49,1093,35,38,5,APB_577675853ESC20300692456_______M1.DAT:APB_577661034ESC20300692456_______M1.DAT,,
1824,Troll_Valley,-280059.6598,8142712.008,-280059.6598,137.380293328143,-4.72471349238281,144.507,-3345.6452,01824M19:23:36,69.9,-44.7,2:30:00,145.3,2.49,0.14,6.53,0.17,8.69,0.19,45.41,0.54,0.93,0.07,7.47,0.1,1.1,0.03,0.78,0.02,5.57,0.06,1.02,0.03,0.3,0.01,0.3,0.01,19.08,0.2,776,40,916,30,186,10,APB_559447722ESC18240660384_______M1.DAT:APB_559453609ESC18240660384_______M1.DAT,,
2005,Stranraer_DRT,-280061.0795,8143177.781,-280061.0795,137.38029270408,-4.72471435089104,610.28,-3347.0649,02005M22:16:49,63,-52.7,6:25:12,154.4,2.85,0.14,4.99,0.17,8.78,0.19,47.57,0.54,0.79,0.05,5.55,0.08,2.4,0.03,1.1,0.04,3.4,0.04,1.05,0.03,0.31,0.01,0.25,0.01,20.68,0.26,1035,54,1080,35,82,5,APB_575550866ESC20060690408_______M1.DAT:APB_575536407ESC20060690408_______M1.DAT,,
2109,Voyageurs_DRT,-280061.1304,8143177.744,-280061.1304,137.380307546658,-4.72471629897945,610.243,-3347.1158,02109M22:17:09,87,-36.6,6:50:00,151.6,2.79,0.14,5,0.17,8.28,0.19,43.97,0.54,0.75,0.05,8.24,0.1,2.34,0.03,0.97,0.04,4.86,0.06,1,0.03,0.32,0.01,0.25,0.01,20.88,0.26,1009,54,1094,35,60,5,APB_584768666ESC21100712876_______M1.DAT:APB_584781969ESC21100712876_______M1.DAT,,
2005,Murchison,-280061.2459,8143178.624,-280061.2459,137.380787704071,-4.7249896672277,611.123,-3347.2313,02005M18:24:31,69.8,-30.9,2:00:00,154.3,2.82,0.14,6.01,0.17,8.96,0.19,46.99,0.54,0.8,0.05,5.66,0.1,1.9,0.04,1.03,0.04,3.54,0.04,1.06,0.03,0.3,0.01,0.25,0.01,20.39,0.26,1002,54,1042,35,71,5,APB_575520406ESC20050690408_______M1.DAT:APB_575513686ESC20050690408_______M1.DAT,,
2008,Lanark_DRT,-280077.4536,8143207.092,-280077.4536,137.380798313141,-4.72499385519614,639.591,-3363.439,02008M21:41:04,55.9,-46.8,6:50:12,149.9,2.69,0.14,5.59,0.17,8.92,0.19,47.31,0.54,0.99,0.07,5.83,0.08,2.05,0.03,1.05,0.04,3.3,0.04,1,0.03,0.3,0.01,0.25,0.01,20.47,0.26,1010,54,881,30,35,5,APB_575804966ESC20090690714_______M1.DAT:APB_575821345ESC20090690714_______M1.DAT,,
2008,Dun_Caan,-280077.7019,8143207.721,-280077.7019,137.381464491914,-4.72514056396401,640.22,-3363.6873,02008M18:47:33,33.3,-34.5,2:30:00,149.2,2.8,0.14,5.49,0.17,9.49,0.29,46.25,0.54,1.49,0.09,4.67,0.1,2.25,0.05,1.06,0.04,2.97,0.04,1.04,0.03,0.28,0.03,0.2,0.01,21.76,0.26,864,44,869,30,27,10,APB_575779629ESC20080690714_______M1.DAT:APB_575784850ESC20080690714_______M1.DAT,,
2026,Hawick,-280086.4001,8143247.218,-280086.4001,137.381466144838,-4.72514265373158,679.717,-3372.3855,02026M19:03:31,50,-40.1,6:20:00,147.5,2.49,0.14,10.13,0.25,8.86,0.19,43.9,0.54,0.76,0.05,3.08,0.05,0.48,0.02,0.38,0.01,7.24,0.08,1.05,0.03,0.64,0.01,0.43,0.01,20.45,0.26,447,24,215,10,26,5,APB_577398250ESC20270691858_______M1.DAT:APB_577386053ESC20260691858_______M1.DAT,,
2025,Kemnay,-280086.524,8143247.316,-280086.524,137.373579203456,-4.72521992115892,679.815,-3372.5094,02025M19:26:48,62.2,-37.6,1:40:00,148.3,2.37,0.14,11.49,0.25,8.29,0.19,43.44,0.54,0.7,0.05,2.57,0.08,0.41,0.02,0.33,0.01,6.84,0.07,0.9,0.03,0.51,0.03,0.43,0.01,21.58,0.26,768,40,153,10,31,10,APB_577294394ESC20250691858_______M1.DAT:APB_577290313ESC20250691858_______M1.DAT,,
1836,Ecca_DRT,-280091.1051,8142779.708,-280091.1051,137.38149103989,-4.72524196744786,212.207,-3377.0905,01836M23:23:42,60.8,-68.8,5:30:00,147.8,2.44,0.14,5.48,0.17,9.18,0.19,47.27,0.54,1.21,0.07,6.42,0.08,1.1,0.02,1.02,0.04,4.01,0.04,1.03,0.03,0.29,0.01,0.26,0.01,20,0.26,737,40,1181,40,87,5,APB_560550551ESC18370661112_______M1.DAT:APB_560535551ESC18370661112_______M1.DAT,,
2013,Lingarabay_DRT,-280092.4122,8143248.792,-280092.4122,137.381486064253,-4.72532721782108,681.291,-3378.3976,02013M20:43:25,62.7,-44.9,7:00:00,148.4,2.64,0.14,5.05,0.17,9.8,0.29,51.08,0.54,0.87,0.05,4.94,0.08,0.74,0.02,1.03,0.04,3.87,0.04,1.03,0.03,0.3,0.01,0.27,0.01,18.1,0.2,921,49,952,30,55,5,APB_576240543ESC20140691384_______M1.DAT:APB_576255363ESC20140691384_______M1.DAT,,
2022,Arrochar,-280097.4666,8143248.497,-280097.4666,137.381652705929,-4.72539266515868,680.996,-3383.452,02022M20:48:37,76.4,-45.9,2:00:00,145.6,5.75,0.2,3.89,0.08,14.44,0.38,49.71,0.54,1.28,0.07,2.51,0.05,0.89,0.02,2.35,0.07,6.72,0.07,0.72,0.03,0.04,0.01,0.24,0.01,11.36,0.13,59,10,185,10,60,5,APB_577050652ESC20230691768_______M1.DAT:APB_577037738ESC20230691768_______M1.DAT,,
2019,Rousay,-280101.3469,8143258.377,-280101.3469,137.381658356228,-4.7253977251286,690.876,-3387.3323,02019M20:13:51,80.2,-37.7,1:26:12,148.7,2.49,0.14,10.12,0.25,9.09,0.19,43.62,0.54,0.84,0.05,5.46,0.1,1.5,0.03,0.43,0.02,5.88,0.07,0.84,0.03,0.41,0.01,0.43,0.01,18.74,0.2,485,24,359,15,242,10,APB_576762788ESC20190691648_______M1.DAT:APB_576759667ESC20190691648_______M1.DAT,,
2019,Sanquhar,-280101.6469,8143258.712,-280101.6469,137.381643918447,-4.72539838292469,691.211,-3387.6323,02019M18:24:10,91.6,-28.9,1:20:00,157.3,4.03,0.14,2.44,0.08,10.05,0.29,65.62,0.75,1.07,0.07,3.35,0.08,0.91,0.03,1.75,0.06,2.5,0.04,1.24,0.05,0.1,0.01,0.08,0.01,6.58,0.13,172,15,379,15,114,5,APB_576756026ESC20190691648_______M1.DAT:APB_576752906ESC20190691648_______M1.DAT,,
2015,Staffa,-280101.6859,8143257.856,-280101.6859,137.381652672195,-4.72539851617057,690.355,-3387.6713,02015M18:55:57,89.4,-36.9,1:20:00,149.2,2.91,0.14,4.93,0.17,14.09,0.29,46.61,0.54,0.5,0.05,2.11,0.05,0.34,0.02,0.1,0.07,10.79,0.11,0.86,0.03,0.05,0.01,0.38,0.01,16.26,0.2,27,24,63,10,12,10,APB_576402888ESC20150691552_______M1.DAT:APB_576399767ESC20150691552_______M1.DAT,,
2019,Minginish,-280101.6938,8143258.375,-280101.6938,137.381648202555,-4.72540300605054,690.874,-3387.6792,02019M22:11:21,42.5,-53.7,8:18:49,152,3.07,0.14,7.1,0.17,9.59,0.29,43.98,0.54,1.07,0.07,3.29,0.05,0.97,0.02,2.4,0.07,6.37,0.07,0.91,0.03,0.34,0.01,0.48,0.01,20.14,0.26,362,20,1262,40,34,5,APB_576796217ESC20200691648_______M1.DAT:APB_576778278ESC20200691648_______M1.DAT,,
2015,Tyndrum,-280101.96,8143258.11,-280101.96,137.374011156222,-4.72543910387595,690.609,-3387.9454,02015M21:45:37,70.2,-57.4,4:30:00,168.2,6.31,0.2,2.97,0.08,15.9,0.38,51.79,0.54,0.6,0.05,2.23,0.05,0.55,0.02,1.89,0.06,5.86,0.07,0.6,0.03,0.03,0.01,0.19,0.01,10.98,0.13,51,10,318,10,32,5,APB_576436748ESC20160691552_______M1.DAT:APB_576421927ESC20160691552_______M1.DAT,,
1845,Stormberg,-280104.1002,8142805.318,-280104.1002,137.374014445202,-4.72544518427314,237.817,-3390.0856,01845M22:34:30,68.3,-67,5:42:38,149.4,2.72,0.14,6.83,0.17,8.85,0.19,44.9,0.54,0.96,0.07,6.38,0.08,1.88,0.03,0.87,0.04,4.59,0.06,1.06,0.03,0.33,0.01,0.34,0.01,19.96,0.26,804,44,1331,40,140,5,APB_561349568ESC18460661342_______M1.DAT:APB_561334063ESC18460661342_______M1.DAT,,
1838,Duitschland,-280104.4607,8142805.513,-280104.4607,137.377997063193,-4.72548212711353,238.012,-3390.4461,01838M22:06:51,59.5,-65.8,7:00:00,150.6,2.53,0.14,6.28,0.17,9,0.19,46.38,0.54,0.83,0.05,7.44,0.08,1.15,0.02,0.93,0.04,5.09,0.06,1.09,0.03,0.32,0.01,0.37,0.01,18.27,0.2,868,44,1410,44,82,5,APB_560708363ESC18390661332_______M1.DAT:APB_560723183ESC18390661332_______M1.DAT,,
2154,Stoer_dump_centre,-280106.651,8143041.638,-280106.651,137.377996793328,-4.72548238179868,474.137,-3392.6364,02154M22:23:16,46,-41,7:26:27,148.6,2.45,0.14,4.72,0.17,8.75,0.19,44.08,0.54,0.84,0.05,7.59,0.1,0.89,0.02,0.91,0.04,6.44,0.07,1.03,0.03,0.34,0.01,0.17,0.01,21.53,0.26,913,49,847,30,43,5,APB_588763893ESC21550721316_______M1.DAT:APB_588776628ESC21550721316_______M1.DAT,,
2154,Stoer_dump_offset,-280106.6661,8143041.622,-280106.6661,137.380143165102,-4.72551869888945,474.121,-3392.6515,02154M19:42:56,45.3,-32.1,2:00:00,154.6,2.44,0.14,4.49,0.17,8.69,0.19,44.28,0.54,0.86,0.05,8.31,0.12,0.95,0.03,0.93,0.04,6.63,0.07,1.08,0.03,0.3,0.03,0.18,0.01,20.54,0.26,991,49,1203,40,218,10,APB_588743809ESC21540721316_______M1.DAT:APB_588747468ESC21540721316_______M1.DAT,,
2117,Walsay,-280108.8193,8143168.878,-280108.8193,137.378027760344,-4.72552962167786,601.377,-3394.8047,02117M18:24:58,92.7,-29.8,3:28:14,158.7,2.64,0.14,5.44,0.17,8.89,0.19,47.65,0.54,0.89,0.05,6.62,0.08,1.38,0.02,1.03,0.04,4.36,0.06,1.04,0.03,0.3,0.01,0.25,0.01,19.23,0.2,859,44,891,30,46,5,APB_585456449ESC21170720000_______M1.DAT:APB_585463291ESC21170720000_______M1.DAT,,
2131,Mount_Battock,-280109.4669,8143043.458,-280109.4669,137.378024909895,-4.72553235912158,475.957,-3395.4523,02131M18:17:29,74.9,-28.6,1:20:00,160.2,2.7,0.14,6.2,0.17,9.62,0.29,50.14,0.54,1.38,0.09,2.4,0.08,0.69,0.02,0.88,0.04,2.74,0.04,0.99,0.03,0.31,0.01,0.2,0.01,21.46,0.26,879,44,886,30,498,15,APB_586698349ESC21310721286_______M1.DAT:APB_586695228ESC21310721286_______M1.DAT,,
2131,Scourie_More,-280109.6292,8143043.289,-280109.6292,137.379942469829,-4.72553283644541,475.788,-3395.6146,02131M20:47:47,60.2,-35,8:00:00,152.3,2.71,0.14,5.73,0.17,10.39,0.29,53.98,0.64,0.89,0.05,3.02,0.05,0.66,0.02,1.02,0.04,3.33,0.04,1,0.03,0.3,0.01,0.25,0.01,16.43,0.2,932,49,860,30,350,15,APB_586731014ESC21320721286_______M1.DAT:APB_586716195ESC21320721286_______M1.DAT,,
2001,Appin,-280109.6575,8143156.979,-280109.6575,137.379956958209,-4.72553996762969,589.478,-3395.6429,02001M18:02:21,60.1,-28.8,1:30:00,157.2,2.53,0.14,5.34,0.17,8.75,0.19,46.32,0.54,0.9,0.05,8.82,0.15,1.07,0.03,0.96,0.04,6.05,0.07,0.96,0.05,0.26,0.01,0.32,0.01,17.46,0.2,722,40,886,30,34,10,APB_575153921ESC20010682626_______M1.DAT:APB_575157642ESC20010682626_______M1.DAT,,
2124,Ailsa_Craig_post_Drill,-280110.0803,8143157.838,-280110.0803,137.379955490818,-4.72554010930884,590.337,-3396.0657,02124M18:28:17,50.8,-27.9,2:20:00,160.3,2.56,0.14,4.43,0.17,9.02,0.19,47.9,0.54,0.75,0.05,4.82,0.1,0.43,0.02,1.05,0.04,4.92,0.06,1.15,0.07,0.35,0.01,0.37,0.01,21.92,0.26,942,49,1233,40,37,5,APB_586082468ESC21240720386_______M1.DAT:APB_586077232ESC21240720386_______M1.DAT,,
2124,Ailsa_Craig_Drill_Tailings,-280110.0887,8143157.751,-280110.0887,137.379957025675,-4.72554019195502,590.25,-3396.0741,02124M22:18:53,47.7,-36.9,6:30:00,150.9,2.62,0.14,4.67,0.17,9.26,0.19,48.76,0.54,0.81,0.05,4.07,0.08,0.49,0.02,1.06,0.04,4.67,0.06,1.09,0.03,0.34,0.01,0.36,0.01,21.48,0.26,908,49,1136,35,35,5,APB_586101264ESC21250720386_______M1.DAT:APB_586115135ESC21250720386_______M1.DAT,,
2121,Ailsa_Craig_DRT,-280110.0936,8143157.842,-280110.0936,137.378768523074,-4.72558861249384,590.341,-3396.079,02122M01:47:44,79.7,-38.5,3:00:00,150.3,2.46,0.14,5.33,0.17,8.65,0.19,45.85,0.54,0.92,0.07,8.87,0.1,0.99,0.02,0.93,0.04,6.28,0.07,0.97,0.03,0.28,0.01,0.31,0.01,17.94,0.2,749,40,961,30,35,5,APB_585832122ESC21220720386_______M1.DAT:APB_585849402ESC21220720386_______M1.DAT,,
2127,Slioch,-280112.9644,8143087.377,-280112.9644,137.378766532819,-4.72559538948022,519.876,-3398.9498,02127M22:26:46,85.4,-38.3,5:00:00,150.8,2.42,0.14,6.57,0.17,8.46,0.19,44.76,0.54,0.94,0.07,8.93,0.1,1.9,0.03,0.87,0.04,4.88,0.06,0.97,0.03,0.28,0.01,0.33,0.01,18.41,0.2,1045,54,1127,35,109,5,APB_586383256ESC21280720920_______M1.DAT:APB_586367435ESC21280720920_______M1.DAT,,
2127,Diabaig,-280113.3662,8143087.259,-280113.3662,137.378477625403,-4.72564135930695,519.758,-3399.3516,02127M19:05:36,95.2,-31.9,2:59:14,156,2.88,0.14,5.23,0.17,9.46,0.29,50.03,0.54,0.82,0.05,5.13,0.08,2.15,0.03,1.06,0.04,3.34,0.04,1.02,0.03,0.31,0.01,0.23,0.01,18.04,0.2,958,49,1120,35,93,5,APB_586351800ESC21270720920_______M1.DAT:APB_586345498ESC21270720920_______M1.DAT,,
2101,Duntelchaig,-280116.0917,8143070.13,-280116.0917,137.374050438455,-4.72631692432427,502.629,-3402.0771,02101M21:30:36,60.2,-35.4,4:30:00,151.6,2.68,0.14,6.73,0.17,8.33,0.19,42.25,0.43,0.84,0.05,8.57,0.1,1.83,0.03,0.85,0.04,5.65,0.07,1.04,0.03,0.33,0.01,0.32,0.01,20.21,0.26,1018,54,1283,40,159,5,APB_584070121ESC21020711586_______M1.DAT:APB_584055000ESC21020711586_______M1.DAT,,
1852,Balfour,-280156.1452,8142807.647,-280156.1452,137.374053474437,-4.7263221512732,240.146,-3442.1306,01853M02:15:29,63.9,-68.2,3:00:00,147.4,2.42,0.14,5.46,0.17,9.3,0.19,49.79,0.54,0.89,0.05,4.57,0.08,0.73,0.02,1.06,0.04,3.26,0.04,1.07,0.03,0.3,0.01,0.3,0.01,20.59,0.26,948,49,967,30,96,5,APB_561967655ESC18530661804_______M1.DAT:APB_561953513ESC18530661804_______M1.DAT,,
1863,Sibasa_DRT,-280156.4551,8142807.827,-280156.4551,137.379319941729,-4.72638250322109,240.326,-3442.4405,01863M21:30:38,55.8,-64.8,7:30:00,152.2,2.38,0.14,5.39,0.17,9,0.19,48.36,0.54,0.85,0.05,6.6,0.08,0.82,0.02,1.04,0.04,4.33,0.06,1.06,0.03,0.3,0.01,0.3,0.01,19.32,0.26,883,44,895,30,80,5,APB_562925491ESC18640661804_______M1.DAT:APB_562940311ESC18640661804_______M1.DAT,,
1995,Paisley,-280160.0333,8143120.07,-280160.0333,137.379310665118,-4.72638524741145,552.569,-3446.0187,01995M19:04:55,58.7,-37.4,1:20:00,148.1,2.7,0.14,5.46,0.17,9.32,0.19,48.86,0.54,0.77,0.05,7.02,0.12,1.24,0.03,1.02,0.04,4.65,0.06,0.99,0.03,0.27,0.01,0.29,0.01,17.15,0.2,816,44,980,30,21,5,APB_574627607ESC19950682090_______M1.DAT:APB_574624488ESC19950682090_______M1.DAT,,
1995,Durness,-280160.196,8143119.52,-280160.196,137.373659825644,-4.72639758361811,552.019,-3446.1814,01995M20:49:59,50.6,-48.5,6:13:19,149.9,2.8,0.14,5.52,0.17,9.23,0.19,48.57,0.54,0.81,0.05,7.01,0.1,1.72,0.03,1.01,0.04,4.53,0.06,0.96,0.03,0.27,0.01,0.28,0.01,17.02,0.2,703,40,844,30,35,5,APB_574643909ESC19960682090_______M1.DAT:APB_574661256ESC19960682090_______M1.DAT,,
1865,Campbellrand,-280160.9274,8142784.488,-280160.9274,137.374243004043,-4.72670020523913,216.987,-3446.9128,01865M22:45:29,54.9,-67.4,8:00:00,148.9,2.55,0.14,6.79,0.17,9.13,0.19,46.59,0.54,1,0.07,5.72,0.08,0.94,0.02,0.89,0.04,4.02,0.04,1.1,0.03,0.32,0.01,0.26,0.01,20.42,0.26,834,44,939,30,92,5,APB_563127875ESC18660661994_______M1.DAT:APB_563111254ESC18660661994_______M1.DAT,,
1870,Waboomberg,-280178.8695,8142819.064,-280178.8695,137.374253393848,-4.72670436622106,251.563,-3464.8549,01870M19:50:16,62.3,-54.9,1:26:13,173.2,2.56,0.14,6.34,0.17,7.83,0.19,41.81,0.43,1.34,0.07,5.66,0.12,2.72,0.05,0.85,0.04,4.66,0.06,0.92,0.03,0.3,0.03,0.37,0.03,24.37,0.26,720,40,688,24,516,20,APB_563533945ESC18700662312_______M1.DAT:APB_563530826ESC18700662312_______M1.DAT,,
1870,Platberg_DRT,-280179.1162,8142819.68,-280179.1162,137.378335339049,-4.72676030418853,252.179,-3465.1016,01870M21:40:07,71.2,-63.1,4:00:00,153.9,2.82,0.14,5.68,0.17,8.49,0.19,45,0.54,0.8,0.05,9.21,0.1,1.84,0.03,0.94,0.04,6.09,0.07,1,0.03,0.3,0.01,0.38,0.01,17.18,0.2,738,40,971,30,80,5,APB_563564587ESC18710662312_______M1.DAT:APB_563549301ESC18710662312_______M1.DAT,,
2160,Tayvallich,-280182.4327,8143061.694,-280182.4327,137.374373534401,-4.72682330081403,494.193,-3468.4181,02160M18:53:52,91.1,-27.8,1:20:00,162.1,2.61,0.14,5.81,0.17,9.01,0.19,47.48,0.54,0.94,0.07,6.54,0.1,1.28,0.03,0.91,0.04,3.94,0.04,1,0.03,0.33,0.01,0.21,0.01,19.66,0.26,910,49,969,30,52,5,APB_589275050ESC21600721980_______M1.DAT:APB_589271930ESC21600721980_______M1.DAT,,
1875,Fort_Brown_DRT,-280186.1677,8142826.803,-280186.1677,137.374117095125,-4.72711897172303,259.302,-3472.1531,01875M22:04:28,53,-66.6,7:57:24,149.8,2.38,0.14,5.54,0.17,8.75,0.19,46.04,0.54,0.94,0.07,7.89,0.1,0.84,0.02,1.02,0.04,4.71,0.06,1.05,0.03,0.3,0.01,0.41,0.01,19.87,0.26,825,44,960,30,116,5,APB_564012959ESC18760662430_______M1.DAT:APB_563996243ESC18760662430_______M1.DAT,,
1885,Klipfonteinheuwel,-280203.6977,8142811.599,-280203.6977,137.378244175258,-4.72742570372628,244.098,-3489.6831,01885M22:00:32,51.6,-66,7:50:28,150.3,2.74,0.14,5.58,0.17,9.98,0.29,50.37,0.54,0.9,0.05,5.85,0.08,1.69,0.03,1,0.04,3.59,0.04,0.98,0.03,0.28,0.01,0.24,0.01,16.57,0.2,903,49,821,24,46,5,APB_564882333ESC18860670000_______M1.DAT:APB_564896509ESC18860670000_______M1.DAT,,
1988,North_Harris,-280221.8835,8143056.289,-280221.8835,137.378232942125,-4.72742730436343,488.788,-3507.8689,01988M20:11:25,49.9,-43.7,5:20:00,146.2,2.73,0.14,6.1,0.17,9.45,0.29,48.03,0.54,0.83,0.05,7.06,0.1,1.74,0.03,0.99,0.04,4.34,0.06,0.95,0.03,0.29,0.01,0.11,0.01,17.01,0.2,832,44,1601,49,23,5,APB_574025631ESC19890681232_______M1.DAT:APB_574014410ESC19880681232_______M1.DAT,,
1988,Barkeval,-280221.9784,8143055.623,-280221.9784,137.378182494224,-4.72749609802781,488.122,-3507.9638,01988M17:45:34,54.9,-29.3,1:40:00,156.1,2.82,0.14,6.33,0.17,9.08,0.19,46.28,0.54,0.86,0.05,8.77,0.15,1.71,0.04,1.2,0.04,4.75,0.06,0.86,0.03,0.27,0.01,0.11,0.01,16.51,0.2,746,40,1342,44,38,5,APB_573998519ESC19880681232_______M1.DAT:APB_574002659ESC19880681232_______M1.DAT,,
2217,Grange,-280226.0571,8143052.632,-280226.0571,137.378181937628,-4.72749708303529,485.131,-3512.0425,02217M19:32:35,67.5,-29.1,3:20:00,159.8,2.26,0.14,4.76,0.17,6.58,0.19,32.24,0.43,0.7,0.05,20.42,0.22,1.23,0.03,0.58,0.02,11.21,0.13,0.66,0.03,0.2,0.01,0.14,0.01,18.78,0.2,719,40,810,24,172,10,APA_594344167ESC22170730000_______M1.DAT:APA_594337757ESC22170730000_______M1.DAT,,
2217,Inverness_minidrill,-280226.1155,8143052.599,-280226.1155,137.378266624658,-4.72754302418885,485.098,-3512.1009,02217M23:11:45,56.8,-39.2,4:30:00,149.6,2.55,0.14,5.65,0.17,9.53,0.29,48.42,0.54,0.72,0.05,9.17,0.1,0.87,0.02,1.04,0.04,5.92,0.07,0.94,0.03,0.3,0.01,0.22,0.01,14.41,0.2,894,44,923,30,113,5,APA_594374491ESC22180730000_______M1.DAT:APA_594359670ESC22180730000_______M1.DAT,,
2165,Portobello,-280228.8393,8143057.62,-280228.8393,137.378265376532,-4.72754607703737,490.119,-3514.8247,02165M22:16:04,78.6,-43.5,8:28:36,148.2,2.68,0.14,5.26,0.17,10.13,0.29,51.46,0.54,0.68,0.05,4.99,0.08,0.78,0.02,1.05,0.04,4.02,0.04,0.97,0.03,0.29,0.01,0.17,0.01,17.28,0.2,961,49,698,24,31,5,APB_589756481ESC21660722410_______M1.DAT:APB_589741612ESC21660722410_______M1.DAT,,
2165,Burn_O_Vat,-280229.0203,8143057.546,-280229.0203,137.378263824808,-4.7275555358078,490.045,-3515.0057,02165M19:56:54,90.9,-31,1:20:00,156.6,2.68,0.14,6.63,0.17,9.39,0.19,48.63,0.54,0.77,0.05,7.87,0.12,1.35,0.03,1.07,0.04,3.84,0.04,0.99,0.03,0.27,0.01,0.22,0.01,16.04,0.2,940,49,935,30,60,5,APB_589722806ESC21650722410_______M1.DAT:APB_589719687ESC21650722410_______M1.DAT,,
2165,Trollochy,-280229.5811,8143057.454,-280229.5811,137.381523356231,-4.72760937557441,489.953,-3515.5665,02165M18:11:24,91.8,-25.4,1:20:00,167.2,2.59,0.14,6.23,0.17,9.08,0.19,48.3,0.54,0.63,0.05,8.8,0.12,1.69,0.03,1.09,0.04,4.4,0.06,1,0.03,0.29,0.01,0.23,0.01,15.37,0.2,988,49,1199,40,57,10,APB_589712925ESC21650722410_______M1.DAT:APB_589716044ESC21650722410_______M1.DAT,,
2333,Auchterarder,-280232.7732,8143250.708,-280232.7732,137.381537001283,-4.72761777006451,683.207,-3518.7586,02333M22:02:13,61.6,-42.9,8:00:00,148,2.49,0.14,6.37,0.17,8.09,0.19,40.43,0.43,0.82,0.05,13.21,0.15,1.8,0.03,0.58,0.02,8.33,0.08,0.92,0.03,0.25,0.01,0.3,0.01,15.93,0.2,568,30,1502,49,505,20,APA_604668634ESC23340740540_______M1.DAT:APA_604653815ESC23340740540_______M1.DAT,,
2333,Alloa,-280233.2709,8143251.517,-280233.2709,137.381287021902,-4.72795396795926,684.016,-3519.2563,02333M20:05:40,68.2,-34.3,1:26:13,151.7,2.51,0.14,6.99,0.17,8.51,0.19,41.36,0.43,0.89,0.05,11.47,0.15,1.8,0.04,0.63,0.02,6.64,0.07,0.95,0.03,0.26,0.01,0.29,0.01,17.28,0.2,671,35,1513,49,286,10,APA_604634332ESC23330740540_______M1.DAT:APA_604637452ESC23330740540_______M1.DAT,,
2318,Gannet,-280253.2037,8143236.696,-280253.2037,137.375299778761,-4.72818380528629,669.195,-3539.1891,02318M18:48:26,52.1,-26.7,2:30:00,164.5,2.5,0.14,6.7,0.17,8.78,0.19,43.94,0.54,0.75,0.05,8.5,0.12,1.82,0.04,0.7,0.02,5.94,0.07,1.08,0.03,0.33,0.01,0.22,0.01,18.34,0.2,674,35,2333,70,230,10,APA_603305052ESC23180740210_______M1.DAT:APA_603300131ESC23180740210_______M1.DAT,,
1897,Sandness,-280266.8305,8142881.719,-280266.8305,137.375301414818,-4.72819228916918,314.218,-3552.8159,01897M22:20:45,45.9,-62,4:00:00,155.9,2.59,0.14,9.36,0.25,9.39,0.19,43.11,0.54,0.81,0.05,3.85,0.08,0.58,0.02,0.44,0.02,7.38,0.08,1.01,0.03,0.56,0.01,0.45,0.01,20.33,0.26,504,30,253,10,24,5,APB_565963325ESC18980671016_______M1.DAT:APB_565948712ESC18980671016_______M1.DAT,,
1897,Muck,-280267.3335,8142881.816,-280267.3335,137.375292239406,-4.72819579572834,314.315,-3553.3189,01897M20:05:52,59.4,-45.8,1:20:00,144.9,2.78,0.14,5.19,0.17,10.13,0.29,51.52,0.64,0.77,0.05,5.3,0.1,1.49,0.04,0.95,0.04,3.33,0.04,1.04,0.03,0.29,0.01,0.16,0.01,16.79,0.2,639,35,520,20,63,5,APB_565932478ESC18970671016_______M1.DAT:APB_565929057ESC18970671016_______M1.DAT,,
1897,Wick,-280267.5414,8142881.272,-280267.5414,137.374858296386,-4.72823505603495,313.771,-3553.5268,01897M17:42:48,50,-39.3,2:00:00,147.1,2.58,0.14,5.57,0.17,9.59,0.29,48.64,0.54,0.73,0.05,6.86,0.12,1.67,0.04,1.04,0.04,4.47,0.06,1.07,0.03,0.3,0.01,0.19,0.01,17.04,0.2,886,44,716,24,20,5,APB_565924987ESC18970671016_______M1.DAT:APB_565919597ESC18970671016_______M1.DAT,,
1895,Mzamba,-280269.8691,8142855.544,-280269.8691,137.374505582749,-4.72825386900311,288.043,-3555.8545,01895M18:19:42,61.6,-60.3,4:08:00,153.9,2.47,0.14,5.75,0.17,8.94,0.19,47.82,0.54,0.83,0.05,5.62,0.08,1.88,0.03,1.17,0.04,2.99,0.04,1.03,0.03,0.29,0.01,0.38,0.01,20.52,0.26,992,49,1304,40,111,5,APB_565771531ESC18960670806_______M1.DAT:APB_565756303ESC18950670806_______M1.DAT,,
1892,Drakensberg_DRT,-280270.9845,8142834.632,-280270.9845,137.377790009224,-4.72832351611575,267.131,-3556.9699,01893M00:32:59,60.1,-66.5,3:20:00,149.3,2.86,0.14,5.53,0.17,9.93,0.29,50.01,0.54,0.81,0.05,5.74,0.1,1.72,0.03,1.17,0.04,3.7,0.04,1.04,0.03,0.3,0.01,0.1,0.01,16.85,0.2,1004,54,588,20,55,5,APB_565496972ESC18930670650_______M1.DAT:APB_565511024ESC18930670650_______M1.DAT,,
2254,Woodhill_DRT,-280275.1138,8143029.362,-280275.1138,137.377796873917,-4.72832985288475,461.861,-3561.0992,02255M01:05:19,62,-45.1,4:00:00,147.2,2.62,0.14,5.56,0.17,9.33,0.19,47.29,0.54,0.89,0.05,7.79,0.1,1.45,0.03,0.98,0.04,4.71,0.06,0.93,0.03,0.29,0.01,0.1,0.01,17.76,0.2,803,44,870,30,41,5,APA_597654994ESC22550730800_______M1.DAT:APA_597636506ESC22550730800_______M1.DAT,,
2254,Springside,-280275.4895,8143029.769,-280275.4895,137.378104064691,-4.72835788511811,462.268,-3561.4749,02254M18:27:13,57.6,-23.8,2:43:41,172,2.45,0.14,4.85,0.17,9.62,0.29,50.32,0.54,0.76,0.05,6.31,0.1,1.1,0.03,1.06,0.04,4.49,0.06,0.97,0.03,0.28,0.01,0.1,0.01,17.43,0.2,854,44,885,30,21,5,APA_597622552ESC22540730800_______M1.DAT:APA_597618532ESC22540730800_______M1.DAT,,
2291,Rock_Hall_dump_corrected,-280277.1515,8143047.982,-280277.1515,137.378098751722,-4.72835850243444,480.481,-3563.1369,02291M22:16:00,49.7,-42.5,7:00:00,148.5,2.13,0.07,3.97,0.08,7.33,0.19,37.37,0.43,0.87,0.05,15.28,0.17,2.1,0.03,0.62,0.02,8.64,0.1,1,0.03,0.31,0.01,0.08,0.01,20,0.26,995,49,918,30,229,10,APA_600940241ESC22920731206_______M1.DAT:APA_600923722ESC22920731206_______M1.DAT,,
2292,Rock_Hall_Drill_Tailings,-280277.1881,8143047.667,-280277.1881,137.378094771213,-4.72835943515556,480.166,-3563.1735,02292M20:52:26,54.4,-37.7,2:30:00,151.3,2.03,0.14,4.14,0.08,7.21,0.19,35.43,0.43,0.94,0.07,16.85,0.2,2.28,0.04,0.57,0.02,9.16,0.1,0.94,0.03,0.3,0.01,0.1,0.01,19.77,0.26,877,44,877,30,229,10,APA_601009163ESC22930731206_______M1.DAT:APA_601023982ESC22930731206_______M1.DAT,,
2258,Rock_Hall,-280277.2434,8143047.431,-280277.2434,137.378096862667,-4.72836886019286,479.93,-3563.2288,02258M22:02:58,51.3,-41,6:30:00,149.9,2.67,0.14,6.4,0.17,8.6,0.19,42.84,0.54,0.95,0.07,11.93,0.12,1.74,0.03,0.55,0.02,6.89,0.07,0.98,0.03,0.3,0.01,0.12,0.01,15.81,0.2,737,40,705,24,137,5,APA_598010001ESC22590731206_______M1.DAT:APA_597995182ESC22590731206_______M1.DAT,,
2295,Bothwell_DRT,-280277.8022,8143047.555,-280277.8022,137.377545123547,-4.72844364148831,480.054,-3563.7876,02295M20:58:15,56.5,-39.9,7:00:00,150.4,2.54,0.14,5.5,0.17,8.01,0.19,40.69,0.43,0.98,0.07,14.9,0.15,1.8,0.03,0.51,0.02,7.6,0.08,0.94,0.03,0.28,0.01,0.09,0.01,15.92,0.2,754,40,700,24,178,10,APA_601275846ESC22960731206_______M1.DAT:APA_601290665ESC22960731206_______M1.DAT,,
1975,Rockall,-280282.2359,8143014.843,-280282.2359,137.377538933517,-4.72844537537134,447.342,-3568.2213,01975M20:38:39,62,-51.7,7:30:00,152.6,2.62,0.14,5.92,0.17,9.52,0.29,49.66,0.54,0.79,0.05,8.35,0.1,1.18,0.02,0.95,0.04,5.53,0.06,0.99,0.03,0.3,0.01,0.14,0.01,13.75,0.2,1086,54,1011,35,118,5,APB_572881641ESC19760680580_______M1.DAT:APB_572866820ESC19760680580_______M1.DAT,,
1979,Lake_Orcadie2_DRT,-280282.3387,8143014.476,-280282.3387,137.377539203382,-4.72844580715544,446.975,-3568.3241,01980M01:17:41,71.2,-60.4,3:30:00,159.1,2.66,0.14,5.16,0.17,9.51,0.29,50.3,0.54,0.71,0.05,7.83,0.1,1.3,0.02,0.91,0.04,4.94,0.06,0.94,0.03,0.31,0.01,0.14,0.01,14.93,0.2,1075,54,1001,35,102,5,APB_573222502ESC19800680580_______M1.DAT:APB_573237321ESC19800680580_______M1.DAT,,
1979,Lake_Orcadie2_Drill,-280282.3643,8143014.492,-280282.3643,137.37754122737,-4.72844686637581,446.991,-3568.3497,01979M18:58:14,75,-37.4,1:20:00,147.9,2.74,0.14,6.41,0.17,9.83,0.29,50.02,0.54,0.78,0.05,6.16,0.1,1.25,0.03,0.94,0.04,4.6,0.06,1.04,0.03,0.32,0.01,0.18,0.01,15.45,0.2,983,49,1001,35,91,10,APB_573204030ESC19790680580_______M1.DAT:APB_573207150ESC19790680580_______M1.DAT,,
1972,Lake_Orcadie_Offset_1,-280282.4271,8143014.612,-280282.4271,137.377534919274,-4.7284468781824,447.111,-3568.4125,01972M20:39:28,65.9,-46,2:00:00,145.4,2.57,0.14,5.99,0.17,9.22,0.19,47.41,0.54,0.87,0.05,9.93,0.12,1.28,0.03,0.94,0.04,5.74,0.07,0.87,0.03,0.29,0.01,0.16,0.01,14.36,0.2,1023,54,1143,35,121,5,APB_572611766ESC19730680580_______M1.DAT:APB_572598012ESC19720680580_______M1.DAT,,
1969,Ogunquit_Beach_postsieve_dump,-280282.4278,8143014.238,-280282.4278,137.377542020099,-4.72844726948675,446.737,-3568.4132,01969M18:26:28,47.2,-40.9,7:00:00,148.2,2.85,0.14,7.55,0.17,10.44,0.29,47.47,0.54,0.76,0.05,3.4,0.05,0.57,0.02,0.59,0.02,7.14,0.08,0.93,0.03,0.46,0.01,0.36,0.01,17.37,0.2,443,24,250,10,23,5,APB_572340842ESC19700680580_______M1.DAT:APB_572326028ESC19690680580_______M1.DAT,,
1963,Newmachar_DRT,-280282.451,8143014.659,-280282.451,137.377541159904,-4.72844740610593,447.158,-3568.4364,01963M22:26:37,74.7,-60.7,7:30:00,158.8,2.72,0.14,4.63,0.17,9.52,0.29,50.2,0.54,0.76,0.05,7.99,0.1,1.54,0.02,1,0.04,4.96,0.06,0.93,0.03,0.3,0.01,0.12,0.01,15.03,0.2,979,49,1247,40,104,5,APB_571821323ESC19640680580_______M1.DAT:APB_571808186ESC19640680580_______M1.DAT,,
1978,Lake_Orcadie_Drill_Tailings,-280282.4591,8143014.608,-280282.4591,137.377539321448,-4.7284481077551,447.107,-3568.4445,01978M19:08:50,56.1,-39.3,4:00:00,147.3,2.71,0.14,4.07,0.08,8.81,0.19,45.06,0.54,0.66,0.05,10.03,0.12,1.04,0.02,0.91,0.04,7.14,0.08,0.9,0.03,0.29,0.01,0.13,0.01,17.9,0.2,1042,54,1162,35,129,5,APB_573127608ESC19780680580_______M1.DAT:APB_573142428ESC19790680580_______M1.DAT,,
1966,Forties,-280282.5007,8143014.499,-280282.5007,137.377556053082,-4.72845383901436,446.998,-3568.4861,01966M19:14:39,78.3,-40,2:20:00,147.1,2.71,0.14,5.24,0.17,9.64,0.29,49.34,0.54,0.77,0.05,7.57,0.1,1.24,0.03,0.96,0.04,4.47,0.06,0.88,0.03,0.26,0.01,0.11,0.01,16.55,0.2,895,44,910,30,80,5,APB_572052473ESC19660680580_______M1.DAT:APB_572057346ESC19660680580_______M1.DAT,,
2247,Highfield_Drill_Tailings,-280282.8405,8143015.491,-280282.8405,137.377541008105,-4.72846012855697,447.99,-3568.8259,02247M22:29:30,51.6,-42.5,8:00:00,147.8,2.68,0.14,4.58,0.17,10.02,0.29,52.38,0.54,0.78,0.05,4.86,0.08,0.99,0.02,0.92,0.04,4.19,0.04,0.96,0.03,0.29,0.01,0.14,0.01,16.97,0.2,962,49,706,24,92,5,APA_597020299ESC22480730550_______M1.DAT:APA_597035118ESC22480730550_______M1.DAT,,
1975,Benbecula,-280283.2134,8143014.599,-280283.2134,137.375290299751,-4.72855233638882,447.098,-3569.1988,01975M18:45:52,65.4,-35.6,1:20:00,150,2.11,0.14,5.78,0.17,7,0.19,34.81,0.43,0.62,0.05,19.7,0.22,0.72,0.03,0.41,0.02,12.63,0.14,0.74,0.03,0.38,0.03,0.22,0.01,14.7,0.2,482,24,450,15,65,5,APB_572848169ESC19750680580_______M1.DAT:APB_572851289ESC19750680580_______M1.DAT,,
1911,Ben_Loyal,-280288.6803,8142881.157,-280288.6803,137.375628541874,-4.72856313267798,313.656,-3574.6657,01911M21:01:17,59,-62.6,8:00:00,155.4,2.63,0.14,5.46,0.17,9.46,0.29,48.93,0.54,0.8,0.05,7.61,0.1,0.99,0.02,0.98,0.04,4.76,0.06,0.89,0.03,0.28,0.01,0.11,0.01,16.8,0.2,898,44,1307,40,54,5,APB_567201474ESC19120671714_______M1.DAT:APB_567186655ESC19120671714_______M1.DAT,,
1906,Haddo_House,-280289.3204,8142901.211,-280289.3204,137.375353718041,-4.72861484051059,333.71,-3575.3058,01907M01:50:23,45.6,-67.6,4:00:00,148.5,2.63,0.14,5.37,0.17,9.55,0.29,49.26,0.54,0.7,0.05,7.9,0.1,1.71,0.03,1.02,0.04,4.65,0.06,1,0.03,0.28,0.01,0.15,0.01,15.51,0.2,865,44,903,30,100,5,APB_566760593ESC19070671494_______M1.DAT:APB_566745784ESC19070671494_______M1.DAT,,
1904,Talisker,-280292.3861,8142884.917,-280292.3861,137.375438152072,-4.72862425205464,317.416,-3578.3715,01904M19:02:41,54.2,-42.7,2:06:11,145.4,2.84,0.14,5.42,0.17,9.73,0.29,49.4,0.54,0.78,0.05,7.16,0.12,1.17,0.03,0.79,0.02,4.4,0.06,0.91,0.03,0.29,0.01,0.1,0.01,16.78,0.2,878,44,812,24,78,5,APB_566551680ESC19040671358_______M1.DAT:APB_566546220ESC19040671358_______M1.DAT,,
1902,Goatfell,-280292.9441,8142889.923,-280292.9441,137.377201298591,-4.72874242259216,322.422,-3578.9295,01902M18:56:02,43.7,-54.3,6:30:00,150.4,2.62,0.14,9.44,0.25,9.63,0.29,43.72,0.54,0.79,0.05,3.5,0.05,0.54,0.02,0.45,0.02,7.45,0.08,0.93,0.03,0.5,0.01,0.43,0.01,19.88,0.26,478,24,218,10,30,5,APB_566394783ESC19030671238_______M1.DAT:APB_566379963ESC19020671238_______M1.DAT,,
1959,Arnaboll,-280299.9503,8142994.458,-280299.9503,137.377198616807,-4.72874665778698,426.957,-3585.9357,01960M02:21:49,38.4,-66.1,1:30:00,149.5,2.5,0.14,5.59,0.17,9.44,0.19,47.59,0.54,0.75,0.05,6.8,0.15,1.71,0.04,1.05,0.04,4.24,0.06,1.15,0.05,0.3,0.03,0.12,0.01,18.51,0.2,1004,54,869,30,120,10,APB_571452767ESC19600680214_______M1.DAT:APB_571465292ESC19600680214_______M1.DAT,,
1954,Glen_Roy,-280300.2014,8142994.299,-280300.2014,137.37719074012,-4.72874916584541,426.798,-3586.1868,01954M17:52:59,56,-37.1,1:00:00,148.6,2.62,0.14,5.73,0.17,9.23,0.19,48.26,0.54,0.73,0.05,6.95,0.15,1.59,0.04,0.98,0.04,4.41,0.06,1,0.03,0.31,0.03,0.1,0.01,17.81,0.2,1019,54,751,24,136,10,APB_570981132ESC19540680214_______M1.DAT:APB_570986186ESC19540680214_______M1.DAT,,
1954,Skara_Brae,-280300.3501,8142993.832,-280300.3501,137.37592181773,-4.72893620257353,426.331,-3586.3355,01954M20:52:16,53.5,-62.1,5:30:00,157.7,2.65,0.14,5.55,0.17,9.27,0.19,48.74,0.54,0.73,0.05,6.4,0.08,1.71,0.03,0.99,0.04,4.29,0.06,1.06,0.03,0.3,0.01,0.12,0.01,17.92,0.2,1088,54,781,24,108,5,APB_571018219ESC19550680214_______M1.DAT:APB_571003399ESC19550680214_______M1.DAT,,
1929,Banff,-280311.4393,8142918.599,-280311.4393,137.379540404619,-4.7291453479969,351.098,-3597.4247,01929M21:45:25,59.9,-63.2,7:30:00,154.1,2.8,0.14,5.41,0.17,10.64,0.29,54.26,0.64,0.65,0.05,3.12,0.05,0.85,0.02,1.07,0.04,3.03,0.04,1.01,0.03,0.32,0.01,0.16,0.01,16.43,0.2,904,49,817,24,21,5,APB_568803388ESC19300672140_______M1.DAT:APB_568787314ESC19300672140_______M1.DAT,,
2301,Puddledub,-280323.8393,8143133.141,-280323.8393,137.379539139626,-4.72915126984836,565.64,-3609.8247,02301M20:42:24,51.8,-32.1,1:10:00,155.1,2.39,0.14,5.3,0.17,9.47,0.29,46.76,0.54,0.86,0.05,7.24,0.15,1.46,0.04,1.01,0.04,4.43,0.06,1.12,0.05,0.32,0.03,0.09,0.01,19.2,0.2,895,44,1596,49,234,10,APA_601792695ESC23010732112_______M1.DAT:APA_601797524ESC23010732112_______M1.DAT,,
2301,Loch_Ness_DRT,-280324.1904,8143133.066,-280324.1904,137.376731530983,-4.72920758731358,565.565,-3610.1758,02301M22:11:09,66.9,-42.7,6:30:00,148.8,2.53,0.14,4.57,0.17,9.73,0.29,48.34,0.54,0.75,0.05,5.41,0.08,1.99,0.03,1.14,0.04,3.55,0.04,1.16,0.05,0.34,0.01,0.09,0.01,19.98,0.26,907,49,1825,54,390,15,APA_601828598ESC23020732112_______M1.DAT:APA_601812994ESC23020732112_______M1.DAT,,
1947,Loch_Tay,-280327.5294,8142966.606,-280327.5294,137.376740655796,-4.72922408281552,399.105,-3613.5148,01947M23:24:26,59.7,-65.4,7:39:17,152.1,2.56,0.14,5.81,0.17,9.62,0.29,48.72,0.54,0.8,0.05,5.54,0.08,1.67,0.02,0.79,0.02,3.55,0.04,1.1,0.03,0.33,0.01,0.09,0.01,19.16,0.2,899,44,838,30,77,5,APB_570389559ESC19480673172_______M1.DAT:APB_570404864ESC19480673172_______M1.DAT,,
1947,Thurso,-280328.5074,8142967.147,-280328.5074,137.37603224314,-4.72923947355736,399.646,-3614.4928,01947M19:11:51,55.3,-41.6,2:47:52,146.4,2.62,0.14,5.98,0.17,9.62,0.29,49.51,0.54,0.72,0.05,5.28,0.1,1.55,0.03,0.72,0.02,3.99,0.04,1.1,0.03,0.33,0.01,0.1,0.01,18.23,0.2,891,44,781,24,157,5,APB_570366587ESC19470673172_______M1.DAT:APB_570372408ESC19470673172_______M1.DAT,,
1932,Aberfoyle,-280329.4199,8142925.146,-280329.4199,137.376047996513,-4.72924634330985,357.645,-3615.4053,01932M18:37:21,60,-43.6,5:16:33,148.5,3.26,0.14,6.57,0.17,10.48,0.29,52.34,0.54,1.07,0.07,7.22,0.1,1.68,0.03,0.97,0.04,4.21,0.06,1.09,0.03,0.36,0.01,0.21,0.01,10.17,0.13,1832,94,688,24,217,10,APB_569059246ESC19330672420_______M1.DAT:APB_569044765ESC19320672420_______M1.DAT,,
1934,Macleans_Nose,-280329.8272,8142926.08,-280329.8272,137.376035312855,-4.72933292108184,358.579,-3615.8126,01934M18:53:35,71.8,-40.6,2:30:00,147.2,2.61,0.14,5.41,0.17,9.35,0.19,47.64,0.54,0.7,0.05,6.89,0.1,1.52,0.03,0.85,0.04,3.9,0.04,0.91,0.03,0.25,0.01,0.07,0.01,19.59,0.26,1292,65,786,24,155,5,APB_569216273ESC19340672420_______M1.DAT:APB_569210153ESC19340672420_______M1.DAT,,
1940,,,,,,,,,,,,,,,,,,,,,,,,,,,,,,,,,,,,,,,,,,,,,,,,
,,,,,,,,,,,,,,,,,,,,,,,,,,,,,,,,,,,,,,,,,,,,,,,,
,,,,,,,,,,,,,,,,,,,,,,,,,,,,,,,,,,,,,,,,,,,,,,,,
,,,,,,,,,,,,,,,,,,,,,,,,,,,,,,,,,,,,,,,,,,,,,,,,
,,,,,,,,,,,,,,,,,,,,,,,,,,,,,,,,,,,,,,,,,,,,,,,,
,,,,,,,,,,,,,,,,,,,,,,,,,,,,,,,,,,,,,,,,,,,,,,,,
,,,,,,,,,,,,,,,,,,,,,,,,,,,,,,,,,,,,,,,,,,,,,,,,
,,,,,,,,,,,,,,,,,,,,,,,,,,,,,,,,,,,,,,,,,,,,,,,,
,,,,,,,,,,,,,,,,,,,,,,,,,,,,,,,,,,,,,,,,,,,,,,,,
,,,,,,,,,,,,,,,,,,,,,,,,,,,,,,,,,,,,,,,,,,,,,,,,
,,,,,,,,,,,,,,,,,,,,,,,,,,,,,,,,,,,,,,,,,,,,,,,,
,,,,,,,,,,,,,,,,,,,,,,,,,,,,,,,,,,,,,,,,,,,,,,,,
,,,,,,,,,,,,,,,,,,,,,,,,,,,,,,,,,,,,,,,,,,,,,,,,
,,,,,,,,,,,,,,,,,,,,,,,,,,,,,,,,,,,,,,,,,,,,,,,,
,,,,,,,,,,,,,,,,,,,,,,,,,,,,,,,,,,,,,,,,,,,,,,,,
,,,,,,,,,,,,,,,,,,,,,,,,,,,,,,,,,,,,,,,,,,,,,,,,
,,,,,,,,,,,,,,,,,,,,,,,,,,,,,,,,,,,,,,,,,,,,,,,,
,,,,,,,,,,,,,,,,,,,,,,,,,,,,,,,,,,,,,,,,,,,,,,,,
,,,,,,,,,,,,,,,,,,,,,,,,,,,,,,,,,,,,,,,,,,,,,,,,
,,,,,,,,,,,,,,,,,,,,,,,,,,,,,,,,,,,,,,,,,,,,,,,,
,,,,,,,,,,,,,,,,,,,,,,,,,,,,,,,,,,,,,,,,,,,,,,,,
,,,,,,,,,,,,,,,,,,,,,,,,,,,,,,,,,,,,,,,,,,,,,,,,
,,,,,,,,,,,,,,,,,,,,,,,,,,,,,,,,,,,,,,,,,,,,,,,,
,,,,,,,,,,,,,,,,,,,,,,,,,,,,,,,,,,,,,,,,,,,,,,,,
,,,,,,,,,,,,,,,,,,,,,,,,,,,,,,,,,,,,,,,,,,,,,,,,
,,,,,,,,,,,,,,,,,,,,,,,,,,,,,,,,,,,,,,,,,,,,,,,,
,,,,,,,,,,,,,,,,,,,,,,,,,,,,,,,,,,,,,,,,,,,,,,,,
,,,,,,,,,, ,,,,,,,,,,,,,,,,,,,,,,,,,,,,,,,,,,,,,,